LS,,,,,,,,,,,,,,,,,,,,,,,,,,,,,,,,,,,,
,,,,,,,,,,,,,,,,,,,,,,,,,,,,,,,,,,,,
,,,,,,,,,,,,,,,,,,,,,,,,,,,,,,,,,,,,
Intact,,,,,,,,,,,,,,,,,,,,,,,,,,,,,,,,,,,,
,L190127 L1L2,L190127 L3L4,L190127 L5S1,L191953 L1L2,L191953 L3L4,L191953 L5S1,S183028 L1L2,S183028 L3L4,S183028_L5S1,S191445 L1L2,S191445 L3L4,S191445 L5S1,S192868 L1l2,S192868 L3L4,S192868 L5S1,S193211 L1L2,S193211 L3L4,S193211 L5S1,S193333 L1L2,S193333 L3L4,S193333_L5S1,S193688 L1L2,S193688 L3L4,S193688 L5S1,S200063 L1L2,S200063 L3L4,S200063 L5S1,S200092 L1L2,S200092 L3L4,S200092 L5S1,S200397 L1L2,S200397 L3L4,S200397 L5S1,S200463 L1L2,S200463 L3L4,S200463 L5S1
Uninstrumented,0.5823,2.6565,2.0754,0.73225,2.4005,2.62,0.60868,1.0524,1.747,1.1517,1.3583,1.6506,0.62752,2.145,2.4095,0.57438,0.91267,0.74024,1.7448,3.3291,1.2833,1.6595,1.463,3.3326,1.0087,1.7896,3.2511,1.5164,1.2835,0.60026,2.2549,2.1519,1.4119,0.69581,1.3167,1.8711
Instrumented,0.56873,2.2911,2.0489,0.67991,1.7159,1.2644,0.5485,0.74838,1.0013,0.92711,0.84575,1.0021,0.60049,1.3673,1.2926,0.52154,0.87319,0.6715,1.7668,2.4059,0.96254,1.7973,1.2182,2.3156,1.0282,1.2038,1.5758,1.2124,1.0657,0.582,1.534,1.2295,1.0588,0.6091,0.984,1.0638
Crosslink,0.53636,2.3937,1.8272,0.72085,1.9054,1.2527,0.53116,0.71019,1.0597,0.9504,0.78383,1.0211,0.58127,1.3573,1.2399,0.53338,0.84539,0.60933,1.8367,2.8395,0.94864,1.8036,1.2749,2.1704,1.0148,1.2554,1.5825,1.2461,0.87044,0.5861,1.6657,1.1562,0.9189,0.59245,0.91323,1.0725
,,,,,,,,,,,,,,,,,,,,,,,,,,,,,,,,,,,,
,,,,,,,,,,,,,,,,,,,,,,,,,,,,,,,,,,,,
Microdecompression,,,,,,,,,,,,,,,,,,,,,,,,,,,,,,,,,,,,
,L190127 L1L2,L190127 L3L4,L190127 L5S1,L191953 L1L2,L191953 L3L4,L191953 L5S1,S183028 L1L2,S183028 L3L4,S183028_L5S1,S191445 L1L2,S191445 L3L4,S191445 L5S1,S192868 L1l2,S192868 L3L4,S192868 L5S1,S193211 L1L2,S193211 L3L4,S193211 L5S1,S193333 L1L2,S193333 L3L4,S193333_L5S1,S193688 L1L2,S193688 L3L4,S193688 L5S1,S200063 L1L2,S200063 L3L4,S200063 L5S1,S200092 L1L2,S200092 L3L4,S200092 L5S1,S200397 L1L2,S200397 L3L4,S200397 L5S1,S200463 L1L2,S200463 L3L4,S200463 L5S1
Uninstrumented,0.79954,3.0747,2.4728,0.89274,2.7265,2.7023,0.67078,1.0717,1.925,1.2778,1.4183,1.7054,0.67387,2.2869,2.4518,0.61185,1.2144,0.76601,2.1966,4.3188,1.3101,1.4482,1.6526,3.5461,1.1504,2.036,3.4501,0.63632,1.2925,0.66912,2.5784,2.8016,1.5774,0.78984,1.4428,2.1489
Instrumented,0.66119,2.6186,2.2129,0.75114,2.2033,1.2251,0.5622,0.73483,1.0737,0.94193,0.96125,1.2799,0.74209,1.2651,1.3535,0.60246,0.91229,0.74966,2.014,3.4449,0.96657,1.522,1.283,2.7777,1.0265,1.2667,1.6898,0.61554,1.2516,0.60243,2.012,1.2099,1.2768,0.67034,1.0659,1.3893
Crosslink,0.63999,2.6965,2.2453,0.71209,2.1981,1.1563,0.56136,0.70603,1.0427,0.97977,0.94021,1.2494,0.70056,1.2544,1.3011,0.63525,0.90353,0.7316,2.0982,3.5232,0.97995,1.4392,1.2934,2.675,1.0194,1.2442,1.5582,0.56991,1.2124,0.60439,2.075,1.2806,1.009,0.67266,1.0515,1.2046
,,,,,,,,,,,,,,,,,,,,,,,,,,,,,,,,,,,,
,,,,,,,,,,,,,,,,,,,,,,,,,,,,,,,,,,,,
Midline_Laminectomy,,,,,,,,,,,,,,,,,,,,,,,,,,,,,,,,,,,,
,L190127 L1L2,L190127 L3L4,L190127 L5S1,L191953 L1L2,L191953 L3L4,L191953 L5S1,S183028 L1L2,S183028 L3L4,S183028_L5S1,S191445 L1L2,S191445 L3L4,S191445 L5S1,S192868 L1l2,S192868 L3L4,S192868 L5S1,S193211 L1L2,S193211 L3L4,S193211 L5S1,S193333 L1L2,S193333 L3L4,S193333_L5S1,S193688 L1L2,S193688 L3L4,S193688 L5S1,S200063 L1L2,S200063 L3L4,S200063 L5S1,S200092 L1L2,S200092 L3L4,S200092 L5S1,S200397 L1L2,S200397 L3L4,S200397 L5S1,S200463 L1L2,S200463 L3L4,S200463 L5S1
Uninstrumented,0.92433,3.2151,2.9504,0.98215,2.8633,2.8863,0.71265,1.1642,1.8944,1.4243,1.5311,1.7683,0.79419,2.305,2.5805,0.69271,1.4245,0.72784,2.4465,4.857,1.351,1.6677,1.804,3.8378,1.2699,2.2905,3.7566,0.75042,1.5522,0.67038,2.9906,3.079,1.7562,0.88256,1.4955,2.5571
Instrumented,0.77098,2.6431,2.4657,0.81363,2.1033,1.4526,0.56164,0.74619,1.0937,1.0264,0.99241,1.2226,0.71194,1.2827,1.4234,0.61109,0.92665,0.71354,2.2995,3.3585,0.9771,1.6445,1.344,2.9654,1.0492,1.3474,1.8027,0.70851,1.3376,0.64301,2.2599,1.4559,1.3119,0.73849,1.1376,1.7052
Crosslink,0.72669,2.8379,2.4686,0.82845,2.1247,1.4113,0.57541,0.73256,1.0956,0.9985,0.98192,1.1263,0.70628,1.3081,1.4238,0.5881,0.9131,0.78544,2.3089,3.2565,0.91987,1.6417,1.3923,3.0553,1.0413,1.2982,1.7134,0.70442,1.3219,0.65203,2.4049,1.446,1.2866,0.71016,1.1043,1.4201
,,,,,,,,,,,,,,,,,,,,,,,,,,,,,,,,,,,,
,,,,,,,,,,,,,,,,,,,,,,,,,,,,,,,,,,,,
PLIF_Unilateral,,,,,,,,,,,,,,,,,,,,,,,,,,,,,,,,,,,,
,L190127 L1L2,L190127 L3L4,L190127 L5S1,L191953 L1L2,L191953 L3L4,L191953 L5S1,S183028 L1L2,S183028 L3L4,S183028_L5S1,S191445 L1L2,S191445 L3L4,S191445 L5S1,S192868 L1l2,S192868 L3L4,S192868 L5S1,S193211 L1L2,S193211 L3L4,S193211 L5S1,S193333 L1L2,S193333 L3L4,S193333_L5S1,S193688 L1L2,S193688 L3L4,S193688 L5S1,S200063 L1L2,S200063 L3L4,S200063 L5S1,S200092 L1L2,S200092 L3L4,S200092 L5S1,S200397 L1L2,S200397 L3L4,S200397 L5S1,S200463 L1L2,S200463 L3L4,S200463 L5S1
Uninstrumented,,,,,,,,,,,,,,,,,,,,,,,,,,,,,,,,,,,,
Instrumented,0.80151,2.1207,2.8874,1.0729,2.2514,1.2037,0.78092,0.94041,1.4979,1.0002,0.94246,1.3467,0.96261,1.4918,1.0831,0.60543,1.1055,0.76542,2.2693,3.8837,1.0401,1.649,2.0038,3.1044,1.4485,1.144,1.7936,1.1779,1.8322,0.61726,3.2714,1.2184,1.3391,1.1074,1.1582,
Crosslink,0.82085,2.1721,2.8196,1.1481,2.2698,1.1481,0.77195,0.88806,1.4235,0.90595,0.91058,1.2503,0.97593,1.3841,1.0716,0.58729,1.074,0.8059,2.4374,3.9257,1.0114,1.5313,2.0615,2.9563,1.4291,1.049,1.64,1.2384,1.7526,0.64059,3.2464,1.1894,1.3718,1.0264,1.1143,
,,,,,,,,,,,,,,,,,,,,,,,,,,,,,,,,,,,,
,,,,,,,,,,,,,,,,,,,,,,,,,,,,,,,,,,,,
PLIF_Bilateral,,,,,,,,,,,,,,,,,,,,,,,,,,,,,,,,,,,,
,L190127 L1L2,L190127 L3L4,L190127 L5S1,L191953 L1L2,L191953 L3L4,L191953 L5S1,S183028 L1L2,S183028 L3L4,S183028_L5S1,S191445 L1L2,S191445 L3L4,S191445 L5S1,S192868 L1l2,S192868 L3L4,S192868 L5S1,S193211 L1L2,S193211 L3L4,S193211 L5S1,S193333 L1L2,S193333 L3L4,S193333_L5S1,S193688 L1L2,S193688 L3L4,S193688 L5S1,S200063 L1L2,S200063 L3L4,S200063 L5S1,S200092 L1L2,S200092 L3L4,S200092 L5S1,S200397 L1L2,S200397 L3L4,S200397 L5S1,S200463 L1L2,S200463 L3L4,S200463 L5S1
Uninstrumented,,,,,,,,,,,,,,,,,,,,,,,,,,,,,,,,,,,,
Instrumented,0.75965,2.0109,2.7261,0.67119,2.4384,1.0584,0.59272,0.55319,1.2962,0.5935,0.71999,1.1746,0.57652,0.89372,0.97533,0.44633,0.80165,0.72321,2.3253,2.8535,0.92565,1.772,1.6758,2.2129,1.2546,0.8875,1.6763,1.078,1.5078,0.57656,3.1041,1.0245,1.2812,1.1433,0.9286,
Crosslink,0.73419,2.0425,2.6366,0.75897,2.3956,1.0146,0.61165,0.51622,1.2627,0.68298,0.70215,1.0422,0.53068,0.847,0.98831,0.45136,0.79375,0.71254,2.396,2.9293,0.86317,1.6327,1.769,2.202,1.3205,0.80426,1.5845,1.0214,1.474,0.58643,3.1602,1.0439,1.296,0.9717,0.91364,
,,,,,,,,,,,,,,,,,,,,,,,,,,,,,,,,,,,,
,,,,,,,,,,,,,,,,,,,,,,,,,,,,,,,,,,,,
TLIF,,,,,,,,,,,,,,,,,,,,,,,,,,,,,,,,,,,,
,L190127 L1L2,L190127 L3L4,L190127 L5S1,L191953 L1L2,L191953 L3L4,L191953 L5S1,S183028 L1L2,S183028 L3L4,S183028_L5S1,S191445 L1L2,S191445 L3L4,S191445 L5S1,S192868 L1l2,S192868 L3L4,S192868 L5S1,S193211 L1L2,S193211 L3L4,S193211 L5S1,S193333 L1L2,S193333 L3L4,S193333_L5S1,S193688 L1L2,S193688 L3L4,S193688 L5S1,S200063 L1L2,S200063 L3L4,S200063 L5S1,S200092 L1L2,S200092 L3L4,S200092 L5S1,S200397 L1L2,S200397 L3L4,S200397 L5S1,S200463 L1L2,S200463 L3L4,S200463 L5S1
Uninstrumented,,,,,,,,,,,,,,,,,,,,,,,,,,,,,,,,,,,,
Instrumented,0.57697,2.1794,2.8182,0.81814,2.3818,1.4444,0.44774,0.54228,1.0236,1.094,0.68916,1.0523,0.38677,0.75765,1.0827,0.70725,0.82765,0.66409,2.5553,2.7295,0.79009,1.6381,1.5524,2.0063,0.51551,0.64832,1.4536,1.235,1.7953,0.61722,2.3995,1.2634,0.96788,1.282,1.0068,
Crosslink,0.60788,2.4409,2.8551,0.88377,2.4744,1.3461,0.43294,0.56221,0.97023,1.1648,0.63482,0.99588,0.39886,0.70429,1.0021,0.68984,0.86142,0.69947,2.6256,2.8798,0.77251,1.7497,1.6408,1.9,0.52674,0.64888,1.3169,1.1792,1.7435,0.61641,2.4414,1.3467,0.94152,1.2951,1.0014,
,,,,,,,,,,,,,,,,,,,,,,,,,,,,,,,,,,,,
,,,,,,,,,,,,,,,,,,,,,,,,,,,,,,,,,,,,
Facetectomy,,,,,,,,,,,,,,,,,,,,,,,,,,,,,,,,,,,,
,L190127 L1L2,L190127 L3L4,L190127 L5S1,L191953 L1L2,L191953 L3L4,L191953 L5S1,S183028 L1L2,S183028 L3L4,S183028_L5S1,S191445 L1L2,S191445 L3L4,S191445 L5S1,S192868 L1l2,S192868 L3L4,S192868 L5S1,S193211 L1L2,S193211 L3L4,S193211 L5S1,S193333 L1L2,S193333 L3L4,S193333_L5S1,S193688 L1L2,S193688 L3L4,S193688 L5S1,S200063 L1L2,S200063 L3L4,S200063 L5S1,S200092 L1L2,S200092 L3L4,S200092 L5S1,S200397 L1L2,S200397 L3L4,S200397 L5S1,S200463 L1L2,S200463 L3L4,S200463 L5S1
Uninstrumented,,,,,,,,,,,,,,,,,,,,,,,,,,,,,,,,,,,,
Instrumented,0.584,2.5386,2.9733,0.88937,2.5533,1.5144,0.45848,0.63057,1.0117,1.2191,0.64554,1.1021,0.42681,0.75929,1.1456,0.75951,0.93672,0.71288,2.7092,2.9452,0.93449,1.8766,1.7466,2.2169,0.53187,0.70289,1.504,1.3069,1.8678,0.72439,2.6843,1.3938,1.2247,1.6286,1.0337,
Crosslink,0.64121,2.5083,2.9485,0.872,2.4925,1.454,0.45324,0.63563,0.98009,1.1125,0.66884,1.036,0.40448,0.77156,1.0769,0.78332,1.0067,0.7442,2.7748,3.0151,0.8675,1.7546,1.8619,2.0489,0.56604,0.69464,1.504,1.3137,1.8849,0.70031,2.6645,1.4571,1.0117,1.5574,1.0728,
,,,,,,,,,,,,,,,,,,,,,,,,,,,,,,,,,,,,
,,,,,,,,,,,,,,,,,,,,,,,,,,,,,,,,,,,,
Nucleotomy,,,,,,,,,,,,,,,,,,,,,,,,,,,,,,,,,,,,
,L190127 L1L2,L190127 L3L4,L190127 L5S1,L191953 L1L2,L191953 L3L4,L191953 L5S1,S183028 L1L2,S183028 L3L4,S183028_L5S1,S191445 L1L2,S191445 L3L4,S191445 L5S1,S192868 L1l2,S192868 L3L4,S192868 L5S1,S193211 L1L2,S193211 L3L4,S193211 L5S1,S193333 L1L2,S193333 L3L4,S193333_L5S1,S193688 L1L2,S193688 L3L4,S193688 L5S1,S200063 L1L2,S200063 L3L4,S200063 L5S1,S200092 L1L2,S200092 L3L4,S200092 L5S1,S200397 L1L2,S200397 L3L4,S200397 L5S1,S200463 L1L2,S200463 L3L4,S200463 L5S1
Uninstrumented,,3.4992,3.3811,,,3.0313,0.9922,1.8633,2.569,1.835,1.5619,1.9093,1.5266,2.6104,2.6462,0.99206,1.9451,0.95441,3.0505,5.0351,1.6202,1.0534,2.1194,3.6439,2.0538,2.7965,4.3492,1.2507,2.3758,0.76441,,,1.9035,1.6881,2.3526,3.1375
Instrumented,,,,,,,,,,,,,,,,,,,,,,,,,,,,,,,,,,,,
Crosslink,,,,,,,,,,,,,,,,,,,,,,,,,,,,,,,,,,,,
,,,,,,,,,,,,,,,,,,,,,,,,,,,,,,,,,,,,
AC,,,,,,,,,,,,,,,,,,,,,,,,,,,,,,,,,,,,
,,,,,,,,,,,,,,,,,,,,,,,,,,,,,,,,,,,,
,,,,,,,,,,,,,,,,,,,,,,,,,,,,,,,,,,,,
Intact,,,,,,,,,,,,,,,,,,,,,,,,,,,,,,,,,,,,
,L190127 L1L2,L190127 L3L4,L190127 L5S1,L191953 L1L2,L191953 L3L4,L191953 L5S1,S183028 L1L2,S183028 L3L4,S183028_L5S1,S191445 L1L2,S191445 L3L4,S191445 L5S1,S192868 L1l2,S192868 L3L4,S192868 L5S1,S193211 L1L2,S193211 L3L4,S193211 L5S1,S193333 L1L2,S193333 L3L4,S193333_L5S1,S193688 L1L2,S193688 L3L4,S193688 L5S1,S200063 L1L2,S200063 L3L4,S200063 L5S1,S200092 L1L2,S200092 L3L4,S200092 L5S1,S200397 L1L2,S200397 L3L4,S200397 L5S1,S200463 L1L2,S200463 L3L4,S200463 L5S1
Uninstrumented,0.14598,0.2904,0.3785,0.34228,0.99663,1.4903,0.1606,0.20317,0.41012,0.47771,0.20437,0.56027,0.34749,0.43439,0.57961,0.23417,0.23333,0.25888,0.29804,0.44802,0.51374,0.017591,0.57266,0.58883,0.59918,0.88451,1.4355,0.014849,0.10679,0.039093,0.13524,0.20869,0.41928,0.16886,0.5982,0.84494
Instrumented,0.15791,0.31771,0.57591,0.33122,0.75176,0.55413,0.17859,0.14024,0.41832,0.26701,0.23654,0.36636,0.23013,0.34745,0.29696,0.21952,0.24868,0.20859,0.0046306,0.40824,0.41621,0.24774,0.66547,0.84835,0.61692,0.79383,0.44298,,0.21483,0.040361,0.044414,0.22994,0.23427,0.22123,0.46916,0.53371
Crosslink,0.17076,0.29588,0.59558,0.30721,0.85512,0.58044,0.1711,0.14525,0.3623,0.26183,0.12562,0.35104,0.2053,0.32272,0.324,0.22456,0.23073,0.22804,0.027658,0.44523,0.40152,0.28268,0.68,0.74982,0.61829,0.80284,0.45762,0.21154,0.17602,0.04495,0.066268,,0.20768,0.20602,0.49641,0.53562
,,,,,,,,,,,,,,,,,,,,,,,,,,,,,,,,,,,,
,,,,,,,,,,,,,,,,,,,,,,,,,,,,,,,,,,,,
Microdecompression,,,,,,,,,,,,,,,,,,,,,,,,,,,,,,,,,,,,
,L190127 L1L2,L190127 L3L4,L190127 L5S1,L191953 L1L2,L191953 L3L4,L191953 L5S1,S183028 L1L2,S183028 L3L4,S183028_L5S1,S191445 L1L2,S191445 L3L4,S191445 L5S1,S192868 L1l2,S192868 L3L4,S192868 L5S1,S193211 L1L2,S193211 L3L4,S193211 L5S1,S193333 L1L2,S193333 L3L4,S193333_L5S1,S193688 L1L2,S193688 L3L4,S193688 L5S1,S200063 L1L2,S200063 L3L4,S200063 L5S1,S200092 L1L2,S200092 L3L4,S200092 L5S1,S200397 L1L2,S200397 L3L4,S200397 L5S1,S200463 L1L2,S200463 L3L4,S200463 L5S1
Uninstrumented,0.16811,0.18548,0.23544,0.37246,1.0162,1.4844,0.16404,0.24322,0.27563,0.51411,0.18897,0.58267,0.40151,0.5535,0.65517,0.19556,0.24801,0.2612,0.45943,0.28842,0.55172,0.19309,0.59232,0.57916,0.61125,0.92854,1.4951,0.038687,0.13182,0.055013,0.080574,0.2292,0.33279,0.16455,0.62929,0.9831
Instrumented,0.21337,0.43276,0.59914,0.33007,1.0317,0.53621,0.18441,0.19219,0.43681,0.29778,0.21259,0.38017,0.44243,0.2243,0.33143,0.31185,0.24617,0.27309,0.015954,0.3967,0.3265,0.23038,0.70698,1.2516,0.53624,0.67758,0.47609,0.12089,0.25087,0.045688,0.050479,0.24679,0.44045,0.27767,0.5391,0.50791
Crosslink,0.22198,0.45979,0.63596,0.33568,1.0191,0.57508,0.17497,0.21397,0.4005,0.3107,0.21398,0.38098,0.44161,0.25722,0.32886,0.2757,0.23852,0.27171,0.0080482,0.38552,0.37621,0.23941,0.71417,1.2527,0.53474,0.61885,0.50715,0.12759,0.24259,0.074268,0.047292,0.25102,0.47329,0.28073,0.55782,0.55627
,,,,,,,,,,,,,,,,,,,,,,,,,,,,,,,,,,,,
,,,,,,,,,,,,,,,,,,,,,,,,,,,,,,,,,,,,
Midline_Laminectomy,,,,,,,,,,,,,,,,,,,,,,,,,,,,,,,,,,,,
,L190127 L1L2,L190127 L3L4,L190127 L5S1,L191953 L1L2,L191953 L3L4,L191953 L5S1,S183028 L1L2,S183028 L3L4,S183028_L5S1,S191445 L1L2,S191445 L3L4,S191445 L5S1,S192868 L1l2,S192868 L3L4,S192868 L5S1,S193211 L1L2,S193211 L3L4,S193211 L5S1,S193333 L1L2,S193333 L3L4,S193333_L5S1,S193688 L1L2,S193688 L3L4,S193688 L5S1,S200063 L1L2,S200063 L3L4,S200063 L5S1,S200092 L1L2,S200092 L3L4,S200092 L5S1,S200397 L1L2,S200397 L3L4,S200397 L5S1,S200463 L1L2,S200463 L3L4,S200463 L5S1
Uninstrumented,0.16739,0.08643,0.21336,0.39425,1.0465,1.5958,0.16826,0.26748,0.1697,0.57682,0.21007,0.64914,0.40284,0.57716,0.65876,0.18775,0.14004,0.23176,0.61026,0.29962,0.61141,0.2362,0.61455,0.54196,0.63621,0.95577,1.6262,0.042954,0.13264,0.064696,0.11687,0.25646,0.31691,0.20383,0.60255,1.0155
Instrumented,0.21288,0.36843,0.79596,0.35594,0.92893,1.1702,0.17208,0.19608,0.42814,0.42588,0.189,0.31717,0.26864,0.28527,0.42661,0.25625,0.23255,0.28915,0.055954,0.43038,0.36518,0.23894,0.67712,1.1483,0.53938,0.57521,0.48948,0.14562,0.26242,0.089821,0.048954,0.33468,0.29801,0.29638,0.57082,0.70461
Crosslink,0.21847,0.38278,0.74384,0.33647,0.94789,1.1757,0.18963,0.19203,0.43355,0.42038,0.20479,0.34638,0.29923,0.25637,0.42659,0.24787,0.2257,0.33016,0.027986,0.43784,0.36205,0.24947,0.68758,1.038,0.53602,0.57304,0.50042,0.155,0.27805,0.063229,0.086191,0.35264,0.30599,0.29252,0.56741,0.66765
,,,,,,,,,,,,,,,,,,,,,,,,,,,,,,,,,,,,
,,,,,,,,,,,,,,,,,,,,,,,,,,,,,,,,,,,,
PLIF_Unilateral,,,,,,,,,,,,,,,,,,,,,,,,,,,,,,,,,,,,
,L190127 L1L2,L190127 L3L4,L190127 L5S1,L191953 L1L2,L191953 L3L4,L191953 L5S1,S183028 L1L2,S183028 L3L4,S183028_L5S1,S191445 L1L2,S191445 L3L4,S191445 L5S1,S192868 L1l2,S192868 L3L4,S192868 L5S1,S193211 L1L2,S193211 L3L4,S193211 L5S1,S193333 L1L2,S193333 L3L4,S193333_L5S1,S193688 L1L2,S193688 L3L4,S193688 L5S1,S200063 L1L2,S200063 L3L4,S200063 L5S1,S200092 L1L2,S200092 L3L4,S200092 L5S1,S200397 L1L2,S200397 L3L4,S200397 L5S1,S200463 L1L2,S200463 L3L4,S200463 L5S1
Uninstrumented,,,,,,,,,,,,,,,,,,,,,,,,,,,,,,,,,,,,
Instrumented,0.46522,0.14564,1.0051,0.79882,1.0684,0.30881,0.56687,0.34533,1.2992,0.31939,0.18084,0.50663,0.36345,0.38969,0.23493,0.25751,0.21851,0.51971,0.13451,1.2182,0.3991,0.22599,1.5958,0.9622,0.67484,0.38752,0.40509,0.7466,0.4652,0.16061,0.60591,0.32523,0.3286,0.76515,0.34507,0.29761
Crosslink,0.47029,0.14751,0.8553,0.82302,1.0812,0.33591,0.58206,0.35562,1.3624,0.35341,0.19603,0.54709,0.37959,0.4237,0.26748,0.2351,0.20448,0.54059,0.11209,1.2393,0.43419,0.20554,1.5782,1.006,0.67699,0.4023,0.49946,0.88162,0.49961,0.15177,0.66232,0.30653,0.39482,0.79723,0.36832,
,,,,,,,,,,,,,,,,,,,,,,,,,,,,,,,,,,,,
,,,,,,,,,,,,,,,,,,,,,,,,,,,,,,,,,,,,
PLIF_Bilateral,,,,,,,,,,,,,,,,,,,,,,,,,,,,,,,,,,,,
,L190127 L1L2,L190127 L3L4,L190127 L5S1,L191953 L1L2,L191953 L3L4,L191953 L5S1,S183028 L1L2,S183028 L3L4,S183028_L5S1,S191445 L1L2,S191445 L3L4,S191445 L5S1,S192868 L1l2,S192868 L3L4,S192868 L5S1,S193211 L1L2,S193211 L3L4,S193211 L5S1,S193333 L1L2,S193333 L3L4,S193333_L5S1,S193688 L1L2,S193688 L3L4,S193688 L5S1,S200063 L1L2,S200063 L3L4,S200063 L5S1,S200092 L1L2,S200092 L3L4,S200092 L5S1,S200397 L1L2,S200397 L3L4,S200397 L5S1,S200463 L1L2,S200463 L3L4,S200463 L5S1
Uninstrumented,,,,,,,,,,,,,,,,,,,,,,,,,,,,,,,,,,,,
Instrumented,0.28567,0.041066,0.56,0.32469,0.88464,0.14549,0.28343,0.13589,0.70914,0.12234,0.099757,0.24636,0.11062,0.084069,0.12558,0.10842,0.065768,0.42199,0.022814,0.36706,0.2504,0.22647,0.96957,0.36314,0.43878,0.20719,0.27372,0.4393,0.17148,0.079558,0.47636,0.18644,0.22106,0.63463,0.15811,
Crosslink,0.30475,0.047338,0.59613,0.3685,0.91067,0.15013,0.29609,0.12089,0.81875,0.12743,0.11933,0.31258,0.11268,0.14,0.10361,0.12678,0.051097,0.43136,0.048507,0.40335,0.25982,0.22792,1.0469,0.41861,0.45569,0.20476,0.28948,0.48855,0.14173,0.089715,0.52652,0.2019,0.24307,0.70978,0.14386,
,,,,,,,,,,,,,,,,,,,,,,,,,,,,,,,,,,,,
,,,,,,,,,,,,,,,,,,,,,,,,,,,,,,,,,,,,
TLIF,,,,,,,,,,,,,,,,,,,,,,,,,,,,,,,,,,,,
,L190127 L1L2,L190127 L3L4,L190127 L5S1,L191953 L1L2,L191953 L3L4,L191953 L5S1,S183028 L1L2,S183028 L3L4,S183028_L5S1,S191445 L1L2,S191445 L3L4,S191445 L5S1,S192868 L1l2,S192868 L3L4,S192868 L5S1,S193211 L1L2,S193211 L3L4,S193211 L5S1,S193333 L1L2,S193333 L3L4,S193333_L5S1,S193688 L1L2,S193688 L3L4,S193688 L5S1,S200063 L1L2,S200063 L3L4,S200063 L5S1,S200092 L1L2,S200092 L3L4,S200092 L5S1,S200397 L1L2,S200397 L3L4,S200397 L5S1,S200463 L1L2,S200463 L3L4,S200463 L5S1
Uninstrumented,,,,,,,,,,,,,,,,,,,,,,,,,,,,,,,,,,,,
Instrumented,0.18107,0.19023,0.59585,0.32057,0.66838,0.31852,0.16988,0.12082,0.23804,0.21971,0.040213,0.20829,0.080938,0.10868,0.16864,0.50163,0.16858,0.17393,0.39573,0.32979,0.13489,0.35443,0.80318,0.17484,0.069428,0.11359,0.17652,0.77871,0.41165,0.16031,0.057145,0.44504,0.16316,1.1877,0.19039,
Crosslink,0.19479,0.20745,0.58247,0.3378,0.73793,0.76517,0.18106,0.1213,0.22097,0.27814,0.026092,0.21228,0.09418,0.10985,0.16602,0.47804,0.17093,0.22874,0.43256,0.35328,0.15008,0.35383,0.76119,0.17241,0.074465,0.13037,0.20737,0.85984,0.45019,0.14797,0.053556,0.45695,0.18445,1.3526,0.19964,
,,,,,,,,,,,,,,,,,,,,,,,,,,,,,,,,,,,,
,,,,,,,,,,,,,,,,,,,,,,,,,,,,,,,,,,,,
Facetectomy,,,,,,,,,,,,,,,,,,,,,,,,,,,,,,,,,,,,
,L190127 L1L2,L190127 L3L4,L190127 L5S1,L191953 L1L2,L191953 L3L4,L191953 L5S1,S183028 L1L2,S183028 L3L4,S183028_L5S1,S191445 L1L2,S191445 L3L4,S191445 L5S1,S192868 L1l2,S192868 L3L4,S192868 L5S1,S193211 L1L2,S193211 L3L4,S193211 L5S1,S193333 L1L2,S193333 L3L4,S193333_L5S1,S193688 L1L2,S193688 L3L4,S193688 L5S1,S200063 L1L2,S200063 L3L4,S200063 L5S1,S200092 L1L2,S200092 L3L4,S200092 L5S1,S200397 L1L2,S200397 L3L4,S200397 L5S1,S200463 L1L2,S200463 L3L4,S200463 L5S1
Uninstrumented,,,,,,,,,,,,,,,,,,,,,,,,,,,,,,,,,,,,
Instrumented,0.18056,0.18167,0.63999,0.35724,0.66036,0.70784,0.20247,0.0997,0.25551,0.2944,0.050023,0.2613,0.11708,0.12265,0.19071,0.53796,0.35906,0.22772,0.49119,0.36001,0.15697,0.46503,1.0154,0.2206,0.070666,0.1286,0.24588,1.0066,0.56897,0.19466,0.052634,0.47899,0.1864,1.3021,0.28573,
Crosslink,0.22876,0.20855,0.64503,0.35125,0.72152,0.75961,0.20347,0.11045,0.25683,0.31784,0.031381,0.27979,0.11973,0.12829,0.17509,0.51772,0.21023,0.2527,0.46333,0.40216,0.15396,0.40365,1.0008,0.22429,0.094111,0.12457,0.22375,0.98183,0.59586,0.18266,0.071753,0.49787,0.16433,1.5104,0.25543,
,,,,,,,,,,,,,,,,,,,,,,,,,,,,,,,,,,,,
,,,,,,,,,,,,,,,,,,,,,,,,,,,,,,,,,,,,
Nucleotomy,,,,,,,,,,,,,,,,,,,,,,,,,,,,,,,,,,,,
,L190127 L1L2,L190127 L3L4,L190127 L5S1,L191953 L1L2,L191953 L3L4,L191953 L5S1,S183028 L1L2,S183028 L3L4,S183028_L5S1,S191445 L1L2,S191445 L3L4,S191445 L5S1,S192868 L1l2,S192868 L3L4,S192868 L5S1,S193211 L1L2,S193211 L3L4,S193211 L5S1,S193333 L1L2,S193333 L3L4,S193333_L5S1,S193688 L1L2,S193688 L3L4,S193688 L5S1,S200063 L1L2,S200063 L3L4,S200063 L5S1,S200092 L1L2,S200092 L3L4,S200092 L5S1,S200397 L1L2,S200397 L3L4,S200397 L5S1,S200463 L1L2,S200463 L3L4,S200463 L5S1
Uninstrumented,,0.22633,0.90048,,,2.3865,0.69146,1.4381,1.0987,1.353,0.33849,1.2035,1.7941,1.1766,1.2216,1.0232,0.82084,1.1423,0.4995,0.82508,1.2194,0.066612,1.023,0.42998,1.4467,1.6215,2.8443,0.9951,1.014,0.27629,,,0.62863,1.2882,1.7304,1.8
Instrumented,,,,,,,,,,,,,,,,,,,,,,,,,,,,,,,,,,,,
Crosslink,,,,,,,,,,,,,,,,,,,,,,,,,,,,,,,,,,,,
AS,,,,,,,,,,,,,,,,,,,,,,,,,,,,,,,,,,,,
,,,,,,,,,,,,,,,,,,,,,,,,,,,,,,,,,,,,
,,,,,,,,,,,,,,,,,,,,,,,,,,,,,,,,,,,,
Intact,,,,,,,,,,,,,,,,,,,,,,,,,,,,,,,,,,,,
,L190127 L1L2,L190127 L3L4,L190127 L5S1,L191953 L1L2,L191953 L3L4,L191953 L5S1,S183028 L1L2,S183028 L3L4,S183028_L5S1,S191445 L1L2,S191445 L3L4,S191445 L5S1,S192868 L1l2,S192868 L3L4,S192868 L5S1,S193211 L1L2,S193211 L3L4,S193211 L5S1,S193333 L1L2,S193333 L3L4,S193333_L5S1,S193688 L1L2,S193688 L3L4,S193688 L5S1,S200063 L1L2,S200063 L3L4,S200063 L5S1,S200092 L1L2,S200092 L3L4,S200092 L5S1,S200397 L1L2,S200397 L3L4,S200397 L5S1,S200463 L1L2,S200463 L3L4,S200463 L5S1
Uninstrumented,0.95722,3.0387,2.8682,1.0022,2.7674,2.9893,0.86937,1.4808,2.5489,1.3493,1.1813,1.4367,1.3387,2.5772,1.2406,1.0298,1.4234,0.91038,1.7646,3.1449,1.4328,1.7316,2.358,3.8772,1.7201,2.3844,2.472,1.5693,1.8045,0.85503,1.5745,2.2145,1.6323,1.1982,2.5342,1.8281
Instrumented,0.69696,1.7238,2.0609,0.76227,1.5137,1.0326,0.68429,0.72502,1.0968,0.93421,0.87388,0.84956,0.8198,1.0894,0.75665,0.75376,0.83438,0.83139,1.6694,1.8419,0.96217,1.5735,1.5741,2.4625,1.1102,1.1376,1.2053,1.1704,1.184,0.83027,0.95204,1.199,0.94784,0.83871,1.0345,0.99818
Crosslink,0.72915,1.8031,2.1131,0.76389,1.5861,0.92337,0.67765,0.76174,1.0469,0.90963,0.70453,0.91251,0.8321,1.1374,0.77497,0.7411,0.9183,0.75304,1.99,2.0741,0.93579,1.7421,1.3406,2.4348,1.0741,1.1435,1.2605,1.209,1.161,0.79414,0.97599,1.2238,0.97905,0.80556,1.0773,0.96161
,,,,,,,,,,,,,,,,,,,,,,,,,,,,,,,,,,,,
,,,,,,,,,,,,,,,,,,,,,,,,,,,,,,,,,,,,
Microdecompression,,,,,,,,,,,,,,,,,,,,,,,,,,,,,,,,,,,,
,L190127 L1L2,L190127 L3L4,L190127 L5S1,L191953 L1L2,L191953 L3L4,L191953 L5S1,S183028 L1L2,S183028 L3L4,S183028_L5S1,S191445 L1L2,S191445 L3L4,S191445 L5S1,S192868 L1l2,S192868 L3L4,S192868 L5S1,S193211 L1L2,S193211 L3L4,S193211 L5S1,S193333 L1L2,S193333 L3L4,S193333_L5S1,S193688 L1L2,S193688 L3L4,S193688 L5S1,S200063 L1L2,S200063 L3L4,S200063 L5S1,S200092 L1L2,S200092 L3L4,S200092 L5S1,S200397 L1L2,S200397 L3L4,S200397 L5S1,S200463 L1L2,S200463 L3L4,S200463 L5S1
Uninstrumented,1.2177,3.3916,3.4708,1.0628,2.9618,3.2749,1.132,1.5422,2.8391,1.583,1.3942,1.5232,1.4628,2.5886,1.3757,1.172,1.7432,0.86922,2.4588,3.5776,1.5084,1.3751,2.5048,4.4097,2.0205,2.6123,2.5647,1.002,2.0339,0.88271,1.8007,2.7939,1.7612,1.3294,2.7824,2.1775
Instrumented,0.71692,1.8693,2.1524,0.85069,1.7619,0.93973,0.67875,0.77526,1.1228,0.81551,0.72113,1.0089,0.98686,1.0241,0.62809,0.75621,1.1693,0.85777,2.0173,2.2592,0.89297,1.2331,1.4431,2.9273,1.1343,1.097,1.2951,0.65677,1.4291,0.80782,1.1141,1.4756,1.2171,0.96534,1.1389,1.149
Crosslink,0.74604,1.9033,2.3262,0.72529,1.7479,0.8868,0.68486,0.74131,1.1489,0.80322,0.72236,0.95966,0.98891,1.0522,0.63047,0.79904,1.1751,0.8211,2.0979,2.2678,0.92068,1.2413,1.4924,2.8845,1.1316,1.0412,1.1998,0.66059,1.3838,0.79753,1.1621,1.4353,0.88755,0.94732,1.2558,1.1519
,,,,,,,,,,,,,,,,,,,,,,,,,,,,,,,,,,,,
,,,,,,,,,,,,,,,,,,,,,,,,,,,,,,,,,,,,
Midline_Laminectomy,,,,,,,,,,,,,,,,,,,,,,,,,,,,,,,,,,,,
,L190127 L1L2,L190127 L3L4,L190127 L5S1,L191953 L1L2,L191953 L3L4,L191953 L5S1,S183028 L1L2,S183028 L3L4,S183028_L5S1,S191445 L1L2,S191445 L3L4,S191445 L5S1,S192868 L1l2,S192868 L3L4,S192868 L5S1,S193211 L1L2,S193211 L3L4,S193211 L5S1,S193333 L1L2,S193333 L3L4,S193333_L5S1,S193688 L1L2,S193688 L3L4,S193688 L5S1,S200063 L1L2,S200063 L3L4,S200063 L5S1,S200092 L1L2,S200092 L3L4,S200092 L5S1,S200397 L1L2,S200397 L3L4,S200397 L5S1,S200463 L1L2,S200463 L3L4,S200463 L5S1
Uninstrumented,1.276,3.7795,3.7498,1.3688,3.1032,3.595,1.2671,1.6691,2.9733,1.977,1.6066,1.5546,1.5859,2.7167,1.4926,1.2724,2.1467,0.95999,2.7026,4.068,1.586,1.602,2.8526,4.9184,2.0647,2.7672,2.707,1.0662,2.1599,0.92743,2.0395,3.0392,1.7955,1.4457,2.8747,2.9502
Instrumented,0.85501,1.8694,2.2125,0.77768,1.6717,1.0969,0.65107,0.73769,1.1737,0.94074,0.73823,0.8594,0.99123,1.047,0.68578,0.8134,1.264,0.85015,2.1627,2.4408,0.87926,1.3596,1.4933,3.3145,1.0974,1.0973,1.3009,0.68921,1.4639,0.86058,1.2005,1.6357,1.0464,0.99716,1.2601,1.6876
Crosslink,0.78096,1.9773,2.3096,0.76072,1.688,1.111,0.63611,0.70971,1.1678,0.96855,0.77851,0.80363,0.98316,1.0413,0.72135,0.74303,1.2326,0.84204,2.1906,2.2265,0.8597,1.4045,1.4712,3.2538,1.1097,1.074,1.2791,0.70121,1.4658,0.83669,1.0863,1.6921,1.0492,1.033,1.2693,1.6287
,,,,,,,,,,,,,,,,,,,,,,,,,,,,,,,,,,,,
,,,,,,,,,,,,,,,,,,,,,,,,,,,,,,,,,,,,
PLIF_Unilateral,,,,,,,,,,,,,,,,,,,,,,,,,,,,,,,,,,,,
,L190127 L1L2,L190127 L3L4,L190127 L5S1,L191953 L1L2,L191953 L3L4,L191953 L5S1,S183028 L1L2,S183028 L3L4,S183028_L5S1,S191445 L1L2,S191445 L3L4,S191445 L5S1,S192868 L1l2,S192868 L3L4,S192868 L5S1,S193211 L1L2,S193211 L3L4,S193211 L5S1,S193333 L1L2,S193333 L3L4,S193333_L5S1,S193688 L1L2,S193688 L3L4,S193688 L5S1,S200063 L1L2,S200063 L3L4,S200063 L5S1,S200092 L1L2,S200092 L3L4,S200092 L5S1,S200397 L1L2,S200397 L3L4,S200397 L5S1,S200463 L1L2,S200463 L3L4,S200463 L5S1
Uninstrumented,,,,,,,,,,,,,,,,,,,,,,,,,,,,,,,,,,,,
Instrumented,0.91717,1.8177,2.7659,1.0117,1.7394,1.071,0.71143,0.76258,1.3696,0.9244,0.75223,0.92041,0.86986,1.0043,0.72261,0.7405,1.0908,0.8838,2.6203,2.6659,0.93624,1.4263,1.5825,2.8582,1.1878,1.0061,1.2929,1.034,1.9941,0.85955,1.2362,1.584,1.1589,1.2467,1.1101,
Crosslink,0.90773,1.848,2.8061,1.1324,1.7405,1.0509,0.74007,0.76886,1.2959,0.87726,0.74135,0.95264,0.8851,1.018,0.65826,0.77278,1.0943,0.90254,2.733,2.636,0.97104,1.451,1.6433,2.8018,1.1929,1.0828,1.2052,1.0321,1.6523,0.8329,1.277,1.5881,1.1998,1.2373,1.1393,
,,,,,,,,,,,,,,,,,,,,,,,,,,,,,,,,,,,,
,,,,,,,,,,,,,,,,,,,,,,,,,,,,,,,,,,,,
PLIF_Bilateral,,,,,,,,,,,,,,,,,,,,,,,,,,,,,,,,,,,,
,L190127 L1L2,L190127 L3L4,L190127 L5S1,L191953 L1L2,L191953 L3L4,L191953 L5S1,S183028 L1L2,S183028 L3L4,S183028_L5S1,S191445 L1L2,S191445 L3L4,S191445 L5S1,S192868 L1l2,S192868 L3L4,S192868 L5S1,S193211 L1L2,S193211 L3L4,S193211 L5S1,S193333 L1L2,S193333 L3L4,S193333_L5S1,S193688 L1L2,S193688 L3L4,S193688 L5S1,S200063 L1L2,S200063 L3L4,S200063 L5S1,S200092 L1L2,S200092 L3L4,S200092 L5S1,S200397 L1L2,S200397 L3L4,S200397 L5S1,S200463 L1L2,S200463 L3L4,S200463 L5S1
Uninstrumented,,,,,,,,,,,,,,,,,,,,,,,,,,,,,,,,,,,,
Instrumented,0.75937,1.6188,2.5583,0.84058,1.8033,1.0079,0.68701,0.52244,1.2854,0.60633,0.66118,0.83287,0.63575,0.83784,0.74649,0.62399,0.86278,0.93714,2.6869,2.2859,0.9638,1.4335,1.6126,2.7738,1.1606,0.85626,1.3212,1.0007,1.5725,0.81319,1.299,1.4721,1.3118,1.2845,1.0169,
Crosslink,0.75875,1.6145,2.5287,0.87241,1.7683,0.93962,0.66899,0.52615,1.2496,0.67012,0.65836,0.8298,0.65321,0.79858,0.77782,0.61168,0.85013,0.92262,2.5431,2.2646,0.96144,1.4609,1.6672,2.7619,1.1573,0.83111,1.2802,0.99558,1.5824,0.78273,1.381,1.4181,1.2878,1.2567,1.0478,
,,,,,,,,,,,,,,,,,,,,,,,,,,,,,,,,,,,,
,,,,,,,,,,,,,,,,,,,,,,,,,,,,,,,,,,,,
TLIF,,,,,,,,,,,,,,,,,,,,,,,,,,,,,,,,,,,,
,L190127 L1L2,L190127 L3L4,L190127 L5S1,L191953 L1L2,L191953 L3L4,L191953 L5S1,S183028 L1L2,S183028 L3L4,S183028_L5S1,S191445 L1L2,S191445 L3L4,S191445 L5S1,S192868 L1l2,S192868 L3L4,S192868 L5S1,S193211 L1L2,S193211 L3L4,S193211 L5S1,S193333 L1L2,S193333 L3L4,S193333_L5S1,S193688 L1L2,S193688 L3L4,S193688 L5S1,S200063 L1L2,S200063 L3L4,S200063 L5S1,S200092 L1L2,S200092 L3L4,S200092 L5S1,S200397 L1L2,S200397 L3L4,S200397 L5S1,S200463 L1L2,S200463 L3L4,S200463 L5S1
Uninstrumented,,,,,,,,,,,,,,,,,,,,,,,,,,,,,,,,,,,,
Instrumented,0.59477,1.9645,3.0273,0.86875,1.6519,1.1304,0.61682,0.6224,1.1434,0.99958,0.61323,0.86072,0.62583,0.76862,0.84329,0.85279,1.0056,0.73327,2.8243,1.8308,0.84434,1.5473,1.5169,2.7981,0.64866,0.81496,1.2766,1.1404,1.9589,0.81018,1.1637,1.5505,1.1964,1.1963,0.96214,
Crosslink,0.61784,1.9964,3.0529,0.86228,1.7143,1.1726,0.58259,0.62785,1.1577,0.97858,0.65254,0.8878,0.65988,0.75539,0.8541,0.83014,1.0489,0.7833,2.8807,1.9038,0.85863,1.5771,1.7906,2.7802,0.65171,0.80214,1.2702,1.1205,1.8347,0.8384,1.1787,1.6714,1.159,1.3353,0.95969,
,,,,,,,,,,,,,,,,,,,,,,,,,,,,,,,,,,,,
,,,,,,,,,,,,,,,,,,,,,,,,,,,,,,,,,,,,
Facetectomy,,,,,,,,,,,,,,,,,,,,,,,,,,,,,,,,,,,,
,L190127 L1L2,L190127 L3L4,L190127 L5S1,L191953 L1L2,L191953 L3L4,L191953 L5S1,S183028 L1L2,S183028 L3L4,S183028_L5S1,S191445 L1L2,S191445 L3L4,S191445 L5S1,S192868 L1l2,S192868 L3L4,S192868 L5S1,S193211 L1L2,S193211 L3L4,S193211 L5S1,S193333 L1L2,S193333 L3L4,S193333_L5S1,S193688 L1L2,S193688 L3L4,S193688 L5S1,S200063 L1L2,S200063 L3L4,S200063 L5S1,S200092 L1L2,S200092 L3L4,S200092 L5S1,S200397 L1L2,S200397 L3L4,S200397 L5S1,S200463 L1L2,S200463 L3L4,S200463 L5S1
Uninstrumented,,,,,,,,,,,,,,,,,,,,,,,,,,,,,,,,,,,,
Instrumented,0.6059,2.0417,2.9611,0.94648,1.815,1.2247,0.6347,0.68719,1.2454,1.0506,0.53358,0.90662,0.64457,0.68051,0.78356,0.88715,1.0549,0.83072,3.0509,1.9442,0.92179,1.5727,1.6391,2.976,0.64085,0.80448,1.3523,1.2131,1.8988,0.87155,1.2416,1.7213,1.2668,1.3974,1.0494,
Crosslink,0.60506,2.0197,3.1711,0.8805,1.8974,1.1322,0.62853,0.66983,1.2512,1.0445,0.61114,0.91329,0.60643,0.76394,0.87739,0.92032,1.0873,0.85498,3.0738,1.9396,0.9103,1.6263,1.6357,2.965,0.68339,0.93773,1.3341,1.2034,1.9071,0.86048,1.3606,1.7535,1.2441,1.3646,1.0446,
,,,,,,,,,,,,,,,,,,,,,,,,,,,,,,,,,,,,
,,,,,,,,,,,,,,,,,,,,,,,,,,,,,,,,,,,,
Nucleotomy,,,,,,,,,,,,,,,,,,,,,,,,,,,,,,,,,,,,
,L190127 L1L2,L190127 L3L4,L190127 L5S1,L191953 L1L2,L191953 L3L4,L191953 L5S1,S183028 L1L2,S183028 L3L4,S183028_L5S1,S191445 L1L2,S191445 L3L4,S191445 L5S1,S192868 L1l2,S192868 L3L4,S192868 L5S1,S193211 L1L2,S193211 L3L4,S193211 L5S1,S193333 L1L2,S193333 L3L4,S193333_L5S1,S193688 L1L2,S193688 L3L4,S193688 L5S1,S200063 L1L2,S200063 L3L4,S200063 L5S1,S200092 L1L2,S200092 L3L4,S200092 L5S1,S200397 L1L2,S200397 L3L4,S200397 L5S1,S200463 L1L2,S200463 L3L4,S200463 L5S1
Uninstrumented,,3.9929,4.2817,,,3.7161,1.4989,2.0015,3.7123,2.1143,1.6057,1.6001,2.8483,2.7681,1.3551,1.9515,2.6584,1.3222,3.4788,4.3005,1.6659,2.1872,3.0563,4.3114,3.2511,3.1187,3.0701,1.8832,2.967,1.0517,,,2.0159,2.3533,3.6245,3.5697
Instrumented,,,,,,,,,,,,,,,,,,,,,,,,,,,,,,,,,,,,
Crosslink,,,,,,,,,,,,,,,,,,,,,,,,,,,,,,,,,,,,
FE,,,,,,,,,,,,,,,,,,,,,,,,,,,,,,,,,,,,
,,,,,,,,,,,,,,,,,,,,,,,,,,,,,,,,,,,,
,,,,,,,,,,,,,,,,,,,,,,,,,,,,,,,,,,,,
Intact,,,,,,,,,,,,,,,,,,,,,,,,,,,,,,,,,,,,
,L190127 L1L2,L190127 L3L4,L190127 L5S1,L191953 L1L2,L191953 L3L4,L191953 L5S1,S183028 L1L2,S183028 L3L4,S183028_L5S1,S191445 L1L2,S191445 L3L4,S191445 L5S1,S192868 L1l2,S192868 L3L4,S192868 L5S1,S193211 L1L2,S193211 L3L4,S193211 L5S1,S193333 L1L2,S193333 L3L4,S193333_L5S1,S193688 L1L2,S193688 L3L4,S193688 L5S1,S200063 L1L2,S200063 L3L4,S200063 L5S1,S200092 L1L2,S200092 L3L4,S200092 L5S1,S200397 L1L2,S200397 L3L4,S200397 L5S1,S200463 L1L2,S200463 L3L4,S200463 L5S1
Uninstrumented,5.0681,7.7,8.0022,5.7522,7.7979,12.5851,2.8846,5.1104,8.8819,4.4292,4.745,7.812,5.0085,5.2461,9.4345,4.0087,5.0459,6.18,3.5445,5.1276,12.3299,5.6623,7.0443,10.0081,7.989,9.4717,16.433,5.8981,6.5603,4.46,6.6229,8.1273,5.5639,9.1057,9.5588,16.9033
Instrumented,0.84842,1.0268,1.4809,1.187,1.5829,3.0078,0.57,1.0019,1.6356,0.64918,0.66155,1.2652,0.72546,0.65012,1.2855,0.58454,0.48761,0.90327,0.64365,0.64484,1.8175,0.69677,0.93521,1.9924,1.3248,1.8687,2.666,1.2606,1.2711,0.86831,0.87109,0.94604,1.0102,1.6865,0.94442,3.3347
Crosslink,0.83545,1.0343,1.4623,1.1915,1.6419,2.8635,0.57108,1.0055,1.6312,0.70108,0.61293,1.2246,0.72466,0.71942,1.2588,0.52673,0.43841,0.83906,0.66926,0.78305,1.7616,0.75172,0.93718,2.0814,1.3155,1.7914,2.6258,1.1977,1.2868,0.86584,0.93327,0.94734,1.0561,1.593,0.98078,3.0436
,,,,,,,,,,,,,,,,,,,,,,,,,,,,,,,,,,,,
,,,,,,,,,,,,,,,,,,,,,,,,,,,,,,,,,,,,
Microdecompression,,,,,,,,,,,,,,,,,,,,,,,,,,,,,,,,,,,,
,L190127 L1L2,L190127 L3L4,L190127 L5S1,L191953 L1L2,L191953 L3L4,L191953 L5S1,S183028 L1L2,S183028 L3L4,S183028_L5S1,S191445 L1L2,S191445 L3L4,S191445 L5S1,S192868 L1l2,S192868 L3L4,S192868 L5S1,S193211 L1L2,S193211 L3L4,S193211 L5S1,S193333 L1L2,S193333 L3L4,S193333_L5S1,S193688 L1L2,S193688 L3L4,S193688 L5S1,S200063 L1L2,S200063 L3L4,S200063 L5S1,S200092 L1L2,S200092 L3L4,S200092 L5S1,S200397 L1L2,S200397 L3L4,S200397 L5S1,S200463 L1L2,S200463 L3L4,S200463 L5S1
Uninstrumented,5.1204,8.0626,8.7901,6.3227,8.0117,13.1536,3.0305,5.2817,10.6775,5.5941,5.1172,7.9418,5.3231,5.8011,9.5778,4.1823,5.4242,6.5095,3.9878,6.3708,12.8508,6.1,7.7449,10.123,8.6942,9.7624,17.0326,5.8322,6.9429,4.7048,7.2146,8.6333,5.9993,9.5233,9.8688,18.2808
Instrumented,0.9278,1.2556,1.5901,1.0244,1.9276,3.1014,0.54916,0.92745,1.7667,0.77044,0.77347,1.6167,1.1144,0.60555,1.2461,0.58036,0.39893,0.95543,0.603,0.9347,1.8812,0.76377,1.0139,1.9469,1.0465,1.4698,2.6989,0.97817,1.531,0.87302,1.1644,1.133,1.4474,1.7291,1.0898,3.6111
Crosslink,0.9236,1.2838,1.5939,0.91762,1.8779,2.9964,0.53346,0.9008,1.7378,0.82414,0.78912,1.5958,1.0924,0.63664,1.2379,0.59725,0.38193,0.95565,0.66873,0.91807,1.6114,0.75999,1.0983,1.9098,1.0625,1.43,2.6363,0.96901,1.4745,0.87176,1.1622,1.063,1.5935,1.6259,1.1074,3.4125
,,,,,,,,,,,,,,,,,,,,,,,,,,,,,,,,,,,,
,,,,,,,,,,,,,,,,,,,,,,,,,,,,,,,,,,,,
Midline_Laminectomy,,,,,,,,,,,,,,,,,,,,,,,,,,,,,,,,,,,,
,L190127 L1L2,L190127 L3L4,L190127 L5S1,L191953 L1L2,L191953 L3L4,L191953 L5S1,S183028 L1L2,S183028 L3L4,S183028_L5S1,S191445 L1L2,S191445 L3L4,S191445 L5S1,S192868 L1l2,S192868 L3L4,S192868 L5S1,S193211 L1L2,S193211 L3L4,S193211 L5S1,S193333 L1L2,S193333 L3L4,S193333_L5S1,S193688 L1L2,S193688 L3L4,S193688 L5S1,S200063 L1L2,S200063 L3L4,S200063 L5S1,S200092 L1L2,S200092 L3L4,S200092 L5S1,S200397 L1L2,S200397 L3L4,S200397 L5S1,S200463 L1L2,S200463 L3L4,S200463 L5S1
Uninstrumented,6.2113,8.3453,9.3773,7.0312,8.3186,13.8798,3.2169,5.6433,10.8692,6.0229,5.6113,8.3794,5.7909,6.1259,10.3042,4.5078,6.2274,6.8919,4.1817,6.5042,13.2953,6.8928,8.6647,10.9598,9.1362,11.094,17.8337,6.3584,7.3077,5.1332,7.7574,9.2662,6.2279,9.9876,10.8014,21.4207
Instrumented,1.0349,0.93886,1.8518,1.0898,1.8338,3.5634,0.48722,0.94987,1.7686,0.83779,0.78789,1.4448,0.85538,0.62528,1.2692,0.55134,0.39,1.0124,0.72738,0.79058,1.8788,0.78835,1.0557,1.9143,1.0416,1.4383,2.7433,1.1008,1.5188,0.93547,1.149,1.0975,1.4999,1.8563,1.2272,5.426
Crosslink,1.0367,0.95846,1.8236,1.1484,1.7879,3.6639,0.49974,0.89903,1.8289,0.86446,0.83065,1.4336,0.8735,0.62385,1.3904,0.63777,0.42453,1.0047,0.72802,0.72675,1.7906,0.78899,0.99656,2.0544,1.0495,1.3791,2.7299,1.0827,1.4898,0.90279,1.1698,1.1309,1.5089,1.7926,1.2183,4.6746
,,,,,,,,,,,,,,,,,,,,,,,,,,,,,,,,,,,,
,,,,,,,,,,,,,,,,,,,,,,,,,,,,,,,,,,,,
PLIF_Unilateral,,,,,,,,,,,,,,,,,,,,,,,,,,,,,,,,,,,,
,L190127 L1L2,L190127 L3L4,L190127 L5S1,L191953 L1L2,L191953 L3L4,L191953 L5S1,S183028 L1L2,S183028 L3L4,S183028_L5S1,S191445 L1L2,S191445 L3L4,S191445 L5S1,S192868 L1l2,S192868 L3L4,S192868 L5S1,S193211 L1L2,S193211 L3L4,S193211 L5S1,S193333 L1L2,S193333 L3L4,S193333_L5S1,S193688 L1L2,S193688 L3L4,S193688 L5S1,S200063 L1L2,S200063 L3L4,S200063 L5S1,S200092 L1L2,S200092 L3L4,S200092 L5S1,S200397 L1L2,S200397 L3L4,S200397 L5S1,S200463 L1L2,S200463 L3L4,S200463 L5S1
Uninstrumented,,,,,,,,,,,,,,,,,,,,,,,,,,,,,,,,,,,,
Instrumented,1.3124,0.76135,2.2115,1.6661,1.8146,2.1037,1.237,1.2757,3.6799,0.72856,0.73577,2.5961,1.491,0.88652,0.78396,0.64146,0.48699,1.9528,0.922,1.2451,2.7037,0.64091,2.1444,2.4729,1.8922,1.1565,3.1513,2.1101,2.507,0.97756,2.0833,1.0004,1.4419,2.6807,0.9922,
Crosslink,1.3414,0.80145,2.2285,1.8745,1.9866,2.0096,1.2242,1.2374,3.6845,0.90382,0.72923,2.5645,1.4761,0.81764,0.75409,0.61025,0.46112,1.9291,0.96254,1.4318,2.497,0.5899,2.2612,2.4027,1.9018,1.1265,3.1501,2.1718,2.4433,0.95889,2.348,1.1336,1.6257,2.5339,0.92942,
,,,,,,,,,,,,,,,,,,,,,,,,,,,,,,,,,,,,
,,,,,,,,,,,,,,,,,,,,,,,,,,,,,,,,,,,,
PLIF_Bilateral,,,,,,,,,,,,,,,,,,,,,,,,,,,,,,,,,,,,
,L190127 L1L2,L190127 L3L4,L190127 L5S1,L191953 L1L2,L191953 L3L4,L191953 L5S1,S183028 L1L2,S183028 L3L4,S183028_L5S1,S191445 L1L2,S191445 L3L4,S191445 L5S1,S192868 L1l2,S192868 L3L4,S192868 L5S1,S193211 L1L2,S193211 L3L4,S193211 L5S1,S193333 L1L2,S193333 L3L4,S193333_L5S1,S193688 L1L2,S193688 L3L4,S193688 L5S1,S200063 L1L2,S200063 L3L4,S200063 L5S1,S200092 L1L2,S200092 L3L4,S200092 L5S1,S200397 L1L2,S200397 L3L4,S200397 L5S1,S200463 L1L2,S200463 L3L4,S200463 L5S1
Uninstrumented,,,,,,,,,,,,,,,,,,,,,,,,,,,,,,,,,,,,
Instrumented,1.1983,0.65431,2.2517,1.0584,1.5931,1.6018,0.77326,0.74732,2.1107,0.45593,0.66694,1.887,0.72927,0.59581,0.6609,0.46759,0.38005,1.6338,0.82114,0.69485,2.218,0.59457,1.3023,1.3336,1.4925,0.89527,2.6583,,1.4606,0.84766,2.1437,0.86444,1.3565,2.2903,0.8216,
Crosslink,1.1757,0.73867,2.1777,1.2689,1.8276,1.5152,0.78595,0.68929,1.9301,0.44347,0.53718,1.8231,0.68555,0.54192,0.61991,0.45556,0.38987,1.6283,0.83301,0.73595,2.026,0.6057,1.3955,1.4809,1.4318,0.88143,2.7475,1.7438,1.4155,0.89661,2.535,0.89134,1.4509,2.6672,0.78546,
,,,,,,,,,,,,,,,,,,,,,,,,,,,,,,,,,,,,
,,,,,,,,,,,,,,,,,,,,,,,,,,,,,,,,,,,,
TLIF,,,,,,,,,,,,,,,,,,,,,,,,,,,,,,,,,,,,
,L190127 L1L2,L190127 L3L4,L190127 L5S1,L191953 L1L2,L191953 L3L4,L191953 L5S1,S183028 L1L2,S183028 L3L4,S183028_L5S1,S191445 L1L2,S191445 L3L4,S191445 L5S1,S192868 L1l2,S192868 L3L4,S192868 L5S1,S193211 L1L2,S193211 L3L4,S193211 L5S1,S193333 L1L2,S193333 L3L4,S193333_L5S1,S193688 L1L2,S193688 L3L4,S193688 L5S1,S200063 L1L2,S200063 L3L4,S200063 L5S1,S200092 L1L2,S200092 L3L4,S200092 L5S1,S200397 L1L2,S200397 L3L4,S200397 L5S1,S200463 L1L2,S200463 L3L4,S200463 L5S1
Uninstrumented,,,,,,,,,,,,,,,,,,,,,,,,,,,,,,,,,,,,
Instrumented,1.0397,0.8604,2.0397,1.2718,1.3182,2.7198,0.48107,0.87063,1.5004,0.68865,0.57568,1.4683,0.54644,0.44949,0.69937,1.2072,0.49976,1.0279,1.169,1.0486,1.6337,1.1264,1.2315,1.6141,0.53003,0.83758,1.5956,2.9623,2.5234,1.4584,1.7237,1.3574,1.2577,4.2178,1.0345,
Crosslink,1.0834,0.96912,2.0547,1.284,1.479,2.7457,0.4815,0.82702,1.3643,0.76428,0.55175,1.3591,0.56669,0.47577,0.689,1.186,0.48771,0.98107,1.2068,1.1669,1.5289,1.2043,1.2257,1.4598,0.46726,0.83782,1.5557,2.8461,2.405,1.395,1.625,1.33,1.2086,4.5541,0.9231,
,,,,,,,,,,,,,,,,,,,,,,,,,,,,,,,,,,,,
,,,,,,,,,,,,,,,,,,,,,,,,,,,,,,,,,,,,
Facetectomy,,,,,,,,,,,,,,,,,,,,,,,,,,,,,,,,,,,,
,L190127 L1L2,L190127 L3L4,L190127 L5S1,L191953 L1L2,L191953 L3L4,L191953 L5S1,S183028 L1L2,S183028 L3L4,S183028_L5S1,S191445 L1L2,S191445 L3L4,S191445 L5S1,S192868 L1l2,S192868 L3L4,S192868 L5S1,S193211 L1L2,S193211 L3L4,S193211 L5S1,S193333 L1L2,S193333 L3L4,S193333_L5S1,S193688 L1L2,S193688 L3L4,S193688 L5S1,S200063 L1L2,S200063 L3L4,S200063 L5S1,S200092 L1L2,S200092 L3L4,S200092 L5S1,S200397 L1L2,S200397 L3L4,S200397 L5S1,S200463 L1L2,S200463 L3L4,S200463 L5S1
Uninstrumented,,,,,,,,,,,,,,,,,,,,,,,,,,,,,,,,,,,,
Instrumented,1.0561,0.96284,2.1183,1.4766,1.4873,2.7953,0.56154,0.88039,1.5302,0.82278,0.51018,1.5161,0.59373,0.54854,0.78924,1.2019,0.57973,1.1399,1.277,1.1781,1.8302,1.292,1.5354,1.7315,0.47508,0.86997,1.6768,2.9956,2.5326,1.5,1.7449,1.4582,1.3112,4.6042,1.0107,
Crosslink,1.0658,0.97492,2.0699,1.3077,1.5227,2.7203,0.54574,0.83281,1.5565,0.86713,0.48479,1.5252,0.61793,0.49722,0.75493,1.1435,0.52532,1.0982,1.2923,1.2035,1.6688,1.273,1.5034,1.6577,0.52211,0.84323,1.7881,3.0263,2.5729,1.4718,1.6935,1.4129,1.3417,4.5223,1.0352,
,,,,,,,,,,,,,,,,,,,,,,,,,,,,,,,,,,,,
,,,,,,,,,,,,,,,,,,,,,,,,,,,,,,,,,,,,
Nucleotomy,,,,,,,,,,,,,,,,,,,,,,,,,,,,,,,,,,,,
,L190127 L1L2,L190127 L3L4,L190127 L5S1,L191953 L1L2,L191953 L3L4,L191953 L5S1,S183028 L1L2,S183028 L3L4,S183028_L5S1,S191445 L1L2,S191445 L3L4,S191445 L5S1,S192868 L1l2,S192868 L3L4,S192868 L5S1,S193211 L1L2,S193211 L3L4,S193211 L5S1,S193333 L1L2,S193333 L3L4,S193333_L5S1,S193688 L1L2,S193688 L3L4,S193688 L5S1,S200063 L1L2,S200063 L3L4,S200063 L5S1,S200092 L1L2,S200092 L3L4,S200092 L5S1,S200397 L1L2,S200397 L3L4,S200397 L5S1,S200463 L1L2,S200463 L3L4,S200463 L5S1
Uninstrumented,,8.4254,11.3728,,,14.6893,4.3969,8.1583,13.9552,7.6544,5.9349,8.9196,9.2524,7.3185,11.4452,7.4608,8.3047,10.2233,6.0547,7.1568,14.3878,8.5049,10.3525,10.4536,12.549,13.7065,18.4175,8.7561,12.4896,6.5283,,,6.4009,13.0975,13.6851,23.2401
Instrumented,,,,,,,,,,,,,,,,,,,,,,,,,,,,,,,,,,,,
Crosslink,,,,,,,,,,,,,,,,,,,,,,,,,,,,,,,,,,,,
LB,,,,,,,,,,,,,,,,,,,,,,,,,,,,,,,,,,,,
,,,,,,,,,,,,,,,,,,,,,,,,,,,,,,,,,,,,
,,,,,,,,,,,,,,,,,,,,,,,,,,,,,,,,,,,,
Intact,,,,,,,,,,,,,,,,,,,,,,,,,,,,,,,,,,,,
,L190127 L1L2,L190127 L3L4,L190127 L5S1,L191953 L1L2,L191953 L3L4,L191953 L5S1,S183028 L1L2,S183028 L3L4,S183028_L5S1,S191445 L1L2,S191445 L3L4,S191445 L5S1,S192868 L1l2,S192868 L3L4,S192868 L5S1,S193211 L1L2,S193211 L3L4,S193211 L5S1,S193333 L1L2,S193333 L3L4,S193333_L5S1,S193688 L1L2,S193688 L3L4,S193688 L5S1,S200063 L1L2,S200063 L3L4,S200063 L5S1,S200092 L1L2,S200092 L3L4,S200092 L5S1,S200397 L1L2,S200397 L3L4,S200397 L5S1,S200463 L1L2,S200463 L3L4,S200463 L5S1
Uninstrumented,5.1777,6.39,5.4648,4.7184,6.9134,7.327,3.1634,5.3088,5.739,6.9181,1.828,4.6608,5.0173,5.1605,4.4123,4.4315,6.657,4.3705,5.0433,5.6913,5.8761,3.7842,8.0993,6.0052,7.3754,9.8216,9.5036,4.3344,5.6639,1.1393,3.0102,7.6893,3.483,6.6283,10.4269,9.2172
Instrumented,1.9295,2.4852,1.1518,2.2935,2.772,1.477,1.3547,2.1757,1.2938,3.4105,0.98493,1.689,2.7202,1.5251,1.6319,1.2709,2.1995,0.93682,1.6389,2.17,1.4113,1.8034,2.2481,2.2833,2.6669,1.7393,1.6293,2.2172,1.6867,0.81028,1.3688,1.5346,1.4691,2.4829,3.1249,2.7413
Crosslink,1.914,2.4614,1.1258,2.2126,2.8355,1.3262,1.3184,2.0879,1.3355,3.3655,0.65672,1.5861,2.6256,1.5584,1.5706,1.2429,2.2178,0.77807,1.6523,2.5719,1.3755,1.6897,1.8658,2.197,2.5834,1.7621,1.6432,2.2434,1.6543,0.69688,1.3993,1.5315,1.4573,2.4128,3.0509,2.6619
,,,,,,,,,,,,,,,,,,,,,,,,,,,,,,,,,,,,
,,,,,,,,,,,,,,,,,,,,,,,,,,,,,,,,,,,,
Microdecompression,,,,,,,,,,,,,,,,,,,,,,,,,,,,,,,,,,,,
,L190127 L1L2,L190127 L3L4,L190127 L5S1,L191953 L1L2,L191953 L3L4,L191953 L5S1,S183028 L1L2,S183028 L3L4,S183028_L5S1,S191445 L1L2,S191445 L3L4,S191445 L5S1,S192868 L1l2,S192868 L3L4,S192868 L5S1,S193211 L1L2,S193211 L3L4,S193211 L5S1,S193333 L1L2,S193333 L3L4,S193333_L5S1,S193688 L1L2,S193688 L3L4,S193688 L5S1,S200063 L1L2,S200063 L3L4,S200063 L5S1,S200092 L1L2,S200092 L3L4,S200092 L5S1,S200397 L1L2,S200397 L3L4,S200397 L5S1,S200463 L1L2,S200463 L3L4,S200463 L5S1
Uninstrumented,5.9487,6.5542,5.9254,4.9353,7.1356,7.6943,3.3666,5.5472,5.851,8.1511,1.8317,4.6604,5.2263,5.2604,4.5648,4.4664,7.1413,4.3032,5.3188,6.1543,6.0479,3.8302,8.2878,6.2075,7.8739,9.9666,9.8772,4.8194,5.863,1.2501,3.6454,8.1064,3.6162,6.9842,12.3321,10.1297
Instrumented,2.1445,2.6163,1.1633,2.3396,3.5672,1.3326,1.3595,2.1289,1.3798,3.5509,0.74054,2.1999,2.8761,1.3264,1.4703,1.3156,2.6997,0.96403,1.6625,2.9186,1.6696,1.7754,1.8363,2.3118,2.9513,1.8894,1.69,2.5574,1.8783,0.81177,1.8646,1.5324,1.7147,2.6898,3.7454,3.3012
Crosslink,2.1262,2.598,1.1323,0.98568,3.3995,1.3026,1.3546,2.0378,1.4146,3.0159,0.73137,2.0855,2.7641,1.3254,1.4342,1.3194,2.7235,0.90564,1.6641,2.842,1.6106,1.7343,1.8777,2.1969,2.8534,1.8344,1.6925,2.4744,1.8246,0.80035,1.7877,1.5368,1.4824,2.6508,3.6529,3.2153
,,,,,,,,,,,,,,,,,,,,,,,,,,,,,,,,,,,,
,,,,,,,,,,,,,,,,,,,,,,,,,,,,,,,,,,,,
Midline_Laminectomy,,,,,,,,,,,,,,,,,,,,,,,,,,,,,,,,,,,,
,L190127 L1L2,L190127 L3L4,L190127 L5S1,L191953 L1L2,L191953 L3L4,L191953 L5S1,S183028 L1L2,S183028 L3L4,S183028_L5S1,S191445 L1L2,S191445 L3L4,S191445 L5S1,S192868 L1l2,S192868 L3L4,S192868 L5S1,S193211 L1L2,S193211 L3L4,S193211 L5S1,S193333 L1L2,S193333 L3L4,S193333_L5S1,S193688 L1L2,S193688 L3L4,S193688 L5S1,S200063 L1L2,S200063 L3L4,S200063 L5S1,S200092 L1L2,S200092 L3L4,S200092 L5S1,S200397 L1L2,S200397 L3L4,S200397 L5S1,S200463 L1L2,S200463 L3L4,S200463 L5S1
Uninstrumented,6.0838,6.6986,6.1112,5.2579,7.2745,7.8325,3.4633,5.7245,5.8413,7.6988,1.873,4.873,5.3375,5.5541,4.8669,4.667,7.5094,4.296,5.2651,6.1691,6.2737,4.0322,8.3381,6.3434,7.9122,10.0423,10.1179,4.9907,5.9285,1.3895,4.0238,8.3801,3.6517,7.1616,10.8113,10.817
Instrumented,2.2573,2.5869,1.1574,2.5291,3.2145,1.6737,1.3569,2.2635,1.4116,3.4156,0.76821,2.1723,3.034,1.4658,1.7099,1.3942,2.4105,0.96734,1.8159,3.1178,1.6699,1.8109,1.782,2.5191,2.9692,1.8817,1.7793,2.7093,1.8806,0.89112,2.0081,1.6869,1.6906,2.8969,3.7956,4.476
Crosslink,2.2354,2.5054,1.1829,2.4894,3.1308,1.6748,1.374,2.1584,1.395,3.3492,0.73646,2.147,2.9531,1.4922,1.6385,1.4613,2.2863,0.94288,1.8007,2.771,1.6131,1.7739,1.7839,2.3303,2.8845,1.8537,1.7569,2.6739,1.828,0.84623,1.6775,1.8764,1.57,2.8384,3.6849,3.968
,,,,,,,,,,,,,,,,,,,,,,,,,,,,,,,,,,,,
,,,,,,,,,,,,,,,,,,,,,,,,,,,,,,,,,,,,
PLIF_Unilateral,,,,,,,,,,,,,,,,,,,,,,,,,,,,,,,,,,,,
,L190127 L1L2,L190127 L3L4,L190127 L5S1,L191953 L1L2,L191953 L3L4,L191953 L5S1,S183028 L1L2,S183028 L3L4,S183028_L5S1,S191445 L1L2,S191445 L3L4,S191445 L5S1,S192868 L1l2,S192868 L3L4,S192868 L5S1,S193211 L1L2,S193211 L3L4,S193211 L5S1,S193333 L1L2,S193333 L3L4,S193333_L5S1,S193688 L1L2,S193688 L3L4,S193688 L5S1,S200063 L1L2,S200063 L3L4,S200063 L5S1,S200092 L1L2,S200092 L3L4,S200092 L5S1,S200397 L1L2,S200397 L3L4,S200397 L5S1,S200463 L1L2,S200463 L3L4,S200463 L5S1
Uninstrumented,,,,,,,,,,,,,,,,,,,,,,,,,,,,,,,,,,,,
Instrumented,2.5578,1.9786,1.4297,3.8197,3.1188,1.3958,1.9862,2.8192,1.4637,3.9807,1.0496,2.507,4.1673,1.8258,1.4566,1.4628,2.4591,1.0244,2.4287,3.2911,2.092,2.0233,2.1405,2.7001,4.0175,1.6734,1.7629,4.4394,2.3434,1.004,2.8909,1.8097,1.8852,4.5621,3.2391,
Crosslink,2.4855,1.9456,1.4501,3.7184,3.0135,1.3223,1.9987,2.6663,1.6611,3.2608,1.0189,2.3921,4.0397,1.8185,1.4319,1.4314,2.3627,1.0404,2.48,3.1873,2.0617,1.9162,2.0914,2.5661,3.8902,1.9667,1.7106,4.4109,2.1364,0.97155,3.0293,1.7643,1.9544,4.4632,3.1298,
,,,,,,,,,,,,,,,,,,,,,,,,,,,,,,,,,,,,
,,,,,,,,,,,,,,,,,,,,,,,,,,,,,,,,,,,,
PLIF_Bilateral,,,,,,,,,,,,,,,,,,,,,,,,,,,,,,,,,,,,
,L190127 L1L2,L190127 L3L4,L190127 L5S1,L191953 L1L2,L191953 L3L4,L191953 L5S1,S183028 L1L2,S183028 L3L4,S183028_L5S1,S191445 L1L2,S191445 L3L4,S191445 L5S1,S192868 L1l2,S192868 L3L4,S192868 L5S1,S193211 L1L2,S193211 L3L4,S193211 L5S1,S193333 L1L2,S193333 L3L4,S193333_L5S1,S193688 L1L2,S193688 L3L4,S193688 L5S1,S200063 L1L2,S200063 L3L4,S200063 L5S1,S200092 L1L2,S200092 L3L4,S200092 L5S1,S200397 L1L2,S200397 L3L4,S200397 L5S1,S200463 L1L2,S200463 L3L4,S200463 L5S1
Uninstrumented,,,,,,,,,,,,,,,,,,,,,,,,,,,,,,,,,,,,
Instrumented,2.1913,1.4157,1.2313,2.0325,3.1703,1.2147,1.446,1.7028,1.4983,1.7492,0.77529,2.1322,2.4923,1.2475,1.0823,1.0397,1.6112,1.1272,2.0975,2.1456,1.7899,1.6776,1.9853,1.5223,3.4346,1.2998,1.6878,3.9889,1.631,0.7322,2.6923,1.3214,1.7878,3.9505,2.3579,
Crosslink,2.1417,1.3594,1.1841,2.1957,3.0577,1.0869,1.4376,1.598,1.58,2.1653,0.78107,2.0522,2.4149,1.3283,1.0384,1.0147,1.4598,1.1036,2.111,2.2753,1.6633,1.6788,1.9831,1.4824,3.3673,1.2825,1.6486,3.849,1.5942,0.72418,2.8379,1.3204,1.6932,3.9364,2.2773,
,,,,,,,,,,,,,,,,,,,,,,,,,,,,,,,,,,,,
,,,,,,,,,,,,,,,,,,,,,,,,,,,,,,,,,,,,
TLIF,,,,,,,,,,,,,,,,,,,,,,,,,,,,,,,,,,,,
,L190127 L1L2,L190127 L3L4,L190127 L5S1,L191953 L1L2,L191953 L3L4,L191953 L5S1,S183028 L1L2,S183028 L3L4,S183028_L5S1,S191445 L1L2,S191445 L3L4,S191445 L5S1,S192868 L1l2,S192868 L3L4,S192868 L5S1,S193211 L1L2,S193211 L3L4,S193211 L5S1,S193333 L1L2,S193333 L3L4,S193333_L5S1,S193688 L1L2,S193688 L3L4,S193688 L5S1,S200063 L1L2,S200063 L3L4,S200063 L5S1,S200092 L1L2,S200092 L3L4,S200092 L5S1,S200397 L1L2,S200397 L3L4,S200397 L5S1,S200463 L1L2,S200463 L3L4,S200463 L5S1
Uninstrumented,,,,,,,,,,,,,,,,,,,,,,,,,,,,,,,,,,,,
Instrumented,1.6004,1.9535,1.1042,2.7819,2.9348,1.5535,0.90164,1.5789,1.1086,2.6398,0.47218,1.6396,1.4996,0.88685,1.0057,1.7144,1.818,0.89515,2.3883,2.1662,1.2804,1.2692,1.8447,0.8298,1.0296,0.862,1.2817,4.4037,2.1216,0.83059,1.9366,1.7395,1.0671,4.8123,2.0453,
Crosslink,1.6365,1.9556,1.0711,2.7467,2.8321,1.5325,0.91631,1.491,1.0911,2.6428,0.46218,1.5831,1.4349,0.89747,1.0161,1.5609,1.7201,0.93712,2.4143,2.2503,1.2194,1.2832,2.0615,0.78385,0.99971,0.82712,1.211,4.2612,2.149,0.78412,1.7603,1.7562,1.0084,5.0401,1.9615,
,,,,,,,,,,,,,,,,,,,,,,,,,,,,,,,,,,,,
,,,,,,,,,,,,,,,,,,,,,,,,,,,,,,,,,,,,
Facetectomy,,,,,,,,,,,,,,,,,,,,,,,,,,,,,,,,,,,,
,L190127 L1L2,L190127 L3L4,L190127 L5S1,L191953 L1L2,L191953 L3L4,L191953 L5S1,S183028 L1L2,S183028 L3L4,S183028_L5S1,S191445 L1L2,S191445 L3L4,S191445 L5S1,S192868 L1l2,S192868 L3L4,S192868 L5S1,S193211 L1L2,S193211 L3L4,S193211 L5S1,S193333 L1L2,S193333 L3L4,S193333_L5S1,S193688 L1L2,S193688 L3L4,S193688 L5S1,S200063 L1L2,S200063 L3L4,S200063 L5S1,S200092 L1L2,S200092 L3L4,S200092 L5S1,S200397 L1L2,S200397 L3L4,S200397 L5S1,S200463 L1L2,S200463 L3L4,S200463 L5S1
Uninstrumented,,,,,,,,,,,,,,,,,,,,,,,,,,,,,,,,,,,,
Instrumented,1.6909,2.0412,1.1279,2.891,2.8832,1.6221,1.0222,1.7288,1.1104,3.3225,0.54995,1.7429,1.5144,0.53723,1.178,1.5862,1.8595,1.0163,2.5443,2.4427,1.4865,1.3926,1.9989,0.92049,1.0861,0.89632,1.4097,4.6446,2.2298,0.9087,1.9559,1.8324,1.187,5.4839,2.2092,
Crosslink,1.7383,2.0189,0.83941,2.8612,2.978,1.5608,1.0118,1.6305,1.0942,2.6914,0.46836,1.7571,1.5597,0.507,1.1122,1.5623,1.8878,0.98514,2.5484,2.4216,1.3668,1.2808,1.9631,0.82667,1.0556,1.1467,1.3609,4.4941,2.2563,0.94475,2.0544,1.861,1.1104,5.588,2.156,
,,,,,,,,,,,,,,,,,,,,,,,,,,,,,,,,,,,,
,,,,,,,,,,,,,,,,,,,,,,,,,,,,,,,,,,,,
Nucleotomy,,,,,,,,,,,,,,,,,,,,,,,,,,,,,,,,,,,,
,L190127 L1L2,L190127 L3L4,L190127 L5S1,L191953 L1L2,L191953 L3L4,L191953 L5S1,S183028 L1L2,S183028 L3L4,S183028_L5S1,S191445 L1L2,S191445 L3L4,S191445 L5S1,S192868 L1l2,S192868 L3L4,S192868 L5S1,S193211 L1L2,S193211 L3L4,S193211 L5S1,S193333 L1L2,S193333 L3L4,S193333_L5S1,S193688 L1L2,S193688 L3L4,S193688 L5S1,S200063 L1L2,S200063 L3L4,S200063 L5S1,S200092 L1L2,S200092 L3L4,S200092 L5S1,S200397 L1L2,S200397 L3L4,S200397 L5S1,S200463 L1L2,S200463 L3L4,S200463 L5S1
Uninstrumented,,6.8111,6.365,,,8.1833,3.6974,6.7838,6.0985,7.8902,2.0627,4.9446,8.571,5.578,5.0476,6.5186,8.7148,5.7977,6.9673,6.5984,6.3032,5.3547,9.1936,6.7,11.0973,11.002,10.4837,6.9603,7.9917,1.5429,,,3.7172,9.2374,11.8271,11.006
Instrumented,,,,,,,,,,,,,,,,,,,,,,,,,,,,,,,,,,,,
Crosslink,,,,,,,,,,,,,,,,,,,,,,,,,,,,,,,,,,,,
,,,,,,,,,,,,,,,,,,,,,,,,,,,,,,,,,,,,
AR,,,,,,,,,,,,,,,,,,,,,,,,,,,,,,,,,,,,
,,,,,,,,,,,,,,,,,,,,,,,,,,,,,,,,,,,,
,,,,,,,,,,,,,,,,,,,,,,,,,,,,,,,,,,,,
Intact,,,,,,,,,,,,,,,,,,,,,,,,,,,,,,,,,,,,
,L190127 L1L2,L190127 L3L4,L190127 L5S1,L191953 L1L2,L191953 L3L4,L191953 L5S1,S183028 L1L2,S183028 L3L4,S183028_L5S1,S191445 L1L2,S191445 L3L4,S191445 L5S1,S192868 L1l2,S192868 L3L4,S192868 L5S1,S193211 L1L2,S193211 L3L4,S193211 L5S1,S193333 L1L2,S193333 L3L4,S193333_L5S1,S193688 L1L2,S193688 L3L4,S193688 L5S1,S200063 L1L2,S200063 L3L4,S200063 L5S1,S200092 L1L2,S200092 L3L4,S200092 L5S1,S200397 L1L2,S200397 L3L4,S200397 L5S1,S200463 L1L2,S200463 L3L4,S200463 L5S1
Uninstrumented,1.018,3.3686,1.7587,1.4158,5.2236,5.2107,0.96986,1.687,3.934,2.3712,1.8149,1.6461,1.2773,3.345,2.4799,0.82458,1.9664,0.55707,1.0559,7.1888,1.6947,0.647,1.7007,2.8948,1.8599,3.4577,2.8608,0.88341,1.4722,0.6506,2.733,3.8621,2.026,1.2821,2.569,3.0204
Instrumented,0.66634,1.9325,0.69733,0.88849,2.7933,1.3468,0.69717,1.041,1.1833,1.4513,1.0741,0.98679,0.87497,1.8918,1.3991,0.64202,1.0496,0.35191,0.89479,3.5021,0.87382,0.66893,0.92745,0.83861,1.6889,1.5798,1.3983,0.70661,0.89495,0.51818,1.8245,1.6968,1.135,0.92784,1.3005,1.3456
Crosslink,0.68822,1.6419,0.68445,0.87754,2.6263,1.1282,0.67272,0.77556,1.0325,1.3193,0.78654,0.9357,0.77801,1.8839,1.218,0.57267,0.9312,0.30652,0.84734,3.5596,0.87023,0.49418,0.8615,0.71314,1.5049,1.4472,1.2881,0.63478,0.79823,0.51699,1.593,1.4618,0.95401,0.90102,0.98724,1.12
,,,,,,,,,,,,,,,,,,,,,,,,,,,,,,,,,,,,
,,,,,,,,,,,,,,,,,,,,,,,,,,,,,,,,,,,,
Microdecompression,,,,,,,,,,,,,,,,,,,,,,,,,,,,,,,,,,,,
,L190127 L1L2,L190127 L3L4,L190127 L5S1,L191953 L1L2,L191953 L3L4,L191953 L5S1,S183028 L1L2,S183028 L3L4,S183028_L5S1,S191445 L1L2,S191445 L3L4,S191445 L5S1,S192868 L1l2,S192868 L3L4,S192868 L5S1,S193211 L1L2,S193211 L3L4,S193211 L5S1,S193333 L1L2,S193333 L3L4,S193333_L5S1,S193688 L1L2,S193688 L3L4,S193688 L5S1,S200063 L1L2,S200063 L3L4,S200063 L5S1,S200092 L1L2,S200092 L3L4,S200092 L5S1,S200397 L1L2,S200397 L3L4,S200397 L5S1,S200463 L1L2,S200463 L3L4,S200463 L5S1
Uninstrumented,1.525,3.5018,1.8775,1.5055,5.7511,5.2908,1.2595,1.9156,4.6177,2.5133,1.9453,1.7755,1.49,3.3747,2.5337,1.0077,2.1267,0.65373,1.4225,8.1986,1.7899,0.70802,1.7683,3.051,2.4664,3.4215,3.0835,1.1911,1.7084,0.7061,2.9994,3.9758,1.9065,1.5945,2.7585,3.3399
Instrumented,0.95857,2.2012,0.73751,1.0908,3.5815,1.1374,0.73367,1.0568,1.2487,1.5435,0.79889,1.2632,1.1951,1.3944,1.0759,0.75393,1.2625,0.49367,1.0389,4.427,0.81933,0.55928,0.94722,1.048,1.6128,1.2766,1.5394,0.74053,1.0362,0.51689,2.1514,1.6149,1.1898,1.0553,1.3901,1.6472
Crosslink,0.89526,1.8232,0.68882,0.98959,3.155,1.0047,0.68164,0.85532,1.1303,1.4444,0.78537,1.09,1.0637,1.2883,1.0155,0.65001,1.0868,0.44896,0.96296,3.7887,0.80038,0.47997,0.90504,0.80681,1.3423,1.2141,1.3756,0.62761,0.87229,0.49449,2.0437,1.4652,1.123,0.90069,1.0897,1.1653
,,,,,,,,,,,,,,,,,,,,,,,,,,,,,,,,,,,,
,,,,,,,,,,,,,,,,,,,,,,,,,,,,,,,,,,,,
Midline_Laminectomy,,,,,,,,,,,,,,,,,,,,,,,,,,,,,,,,,,,,
,L190127 L1L2,L190127 L3L4,L190127 L5S1,L191953 L1L2,L191953 L3L4,L191953 L5S1,S183028 L1L2,S183028 L3L4,S183028_L5S1,S191445 L1L2,S191445 L3L4,S191445 L5S1,S192868 L1l2,S192868 L3L4,S192868 L5S1,S193211 L1L2,S193211 L3L4,S193211 L5S1,S193333 L1L2,S193333 L3L4,S193333_L5S1,S193688 L1L2,S193688 L3L4,S193688 L5S1,S200063 L1L2,S200063 L3L4,S200063 L5S1,S200092 L1L2,S200092 L3L4,S200092 L5S1,S200397 L1L2,S200397 L3L4,S200397 L5S1,S200463 L1L2,S200463 L3L4,S200463 L5S1
Uninstrumented,1.7925,3.8138,1.9466,1.7964,5.7401,5.4697,1.2943,2.0396,4.9459,2.9851,2.2571,1.8179,1.8149,3.4344,2.7036,1.3067,2.596,0.65385,1.7029,8.4195,1.8681,1.1028,2.0135,3.1012,2.6408,3.5943,3.269,1.281,1.9892,0.79088,3.3853,3.9241,1.8568,1.6436,3.1266,3.5486
Instrumented,1.0606,2.2217,0.78158,1.2116,3.2429,1.4022,0.72555,0.99716,1.235,1.8778,0.97247,0.88881,1.1572,1.4566,1.3505,0.70755,1.3851,0.53822,1.2368,3.7576,0.82655,0.72259,1.0052,0.81547,1.6389,1.313,1.5569,0.88218,0.9992,0.62869,2.1582,1.8955,1.3211,1.152,1.3777,1.877
Crosslink,0.87764,1.8516,0.6952,1.0571,2.8935,1.2262,0.70736,0.82261,1.1147,1.6759,0.88493,0.77777,1.051,1.4028,1.2496,0.61998,1.1858,0.47495,1.0731,3.2059,0.7842,0.60139,0.91369,0.80916,1.5738,1.146,1.3095,0.66017,0.7758,0.54367,1.9439,1.9476,1.1723,0.94611,1.0788,1.5401
,,,,,,,,,,,,,,,,,,,,,,,,,,,,,,,,,,,,
,,,,,,,,,,,,,,,,,,,,,,,,,,,,,,,,,,,,
PLIF_Unilateral,,,,,,,,,,,,,,,,,,,,,,,,,,,,,,,,,,,,
,L190127 L1L2,L190127 L3L4,L190127 L5S1,L191953 L1L2,L191953 L3L4,L191953 L5S1,S183028 L1L2,S183028 L3L4,S183028_L5S1,S191445 L1L2,S191445 L3L4,S191445 L5S1,S192868 L1l2,S192868 L3L4,S192868 L5S1,S193211 L1L2,S193211 L3L4,S193211 L5S1,S193333 L1L2,S193333 L3L4,S193333_L5S1,S193688 L1L2,S193688 L3L4,S193688 L5S1,S200063 L1L2,S200063 L3L4,S200063 L5S1,S200092 L1L2,S200092 L3L4,S200092 L5S1,S200397 L1L2,S200397 L3L4,S200397 L5S1,S200463 L1L2,S200463 L3L4,S200463 L5S1
Uninstrumented,,,,,,,,,,,,,,,,,,,,,,,,,,,,,,,,,,,,
Instrumented,1.4204,1.5953,1.1615,2.0232,3.1021,1.2968,1.1266,1.4611,1.3566,1.9551,0.83797,1.172,1.7307,1.8854,1.0531,0.90228,1.7544,0.79439,1.6664,4.414,1.0736,1.14,1.7097,1.0527,2.6598,1.4879,1.6596,1.8276,1.5793,0.76061,3.3366,1.5937,0.93255,1.8573,1.6354,2.2197
Crosslink,1.1858,1.3601,1.03,1.8421,2.7749,1.0825,1.0243,1.1731,1.2393,1.6171,0.80139,1.0504,1.4882,1.6711,1.0321,0.74043,1.5079,0.78791,1.5801,3.71,1.0164,0.8225,1.6811,0.95369,2.1105,1.3585,1.4107,1.644,1.337,0.70817,2.9222,1.3792,1.207,1.6249,1.3152,
,,,,,,,,,,,,,,,,,,,,,,,,,,,,,,,,,,,,
,,,,,,,,,,,,,,,,,,,,,,,,,,,,,,,,,,,,
PLIF_Bilateral,,,,,,,,,,,,,,,,,,,,,,,,,,,,,,,,,,,,
,L190127 L1L2,L190127 L3L4,L190127 L5S1,L191953 L1L2,L191953 L3L4,L191953 L5S1,S183028 L1L2,S183028 L3L4,S183028_L5S1,S191445 L1L2,S191445 L3L4,S191445 L5S1,S192868 L1l2,S192868 L3L4,S192868 L5S1,S193211 L1L2,S193211 L3L4,S193211 L5S1,S193333 L1L2,S193333 L3L4,S193333_L5S1,S193688 L1L2,S193688 L3L4,S193688 L5S1,S200063 L1L2,S200063 L3L4,S200063 L5S1,S200092 L1L2,S200092 L3L4,S200092 L5S1,S200397 L1L2,S200397 L3L4,S200397 L5S1,S200463 L1L2,S200463 L3L4,S200463 L5S1
Uninstrumented,,,,,,,,,,,,,,,,,,,,,,,,,,,,,,,,,,,,
Instrumented,1.2682,1.3483,1.2683,1.1809,3.1699,1.0359,0.90053,0.99492,1.3989,1.0463,0.68308,0.93983,1.1,1.1091,0.84311,0.71466,1.2305,0.71284,1.539,2.5732,0.8434,1.0153,1.3365,0.8067,2.2615,1.342,1.6491,1.4616,1.1665,0.54045,3.1523,1.0526,1.0068,1.5941,1.366,
Crosslink,1.08,1.0931,1.0248,1.0965,2.6821,0.92705,0.8072,0.74087,1.1907,0.92971,0.68533,0.81156,0.94195,1.0472,0.75926,0.65234,1.0537,0.67384,1.3277,2.1787,0.74651,0.8155,1.3074,0.63672,1.7989,1.1993,1.4103,1.2197,0.97035,0.52326,2.8761,1.0841,0.90526,1.4392,1.1575,
,,,,,,,,,,,,,,,,,,,,,,,,,,,,,,,,,,,,
,,,,,,,,,,,,,,,,,,,,,,,,,,,,,,,,,,,,
TLIF,,,,,,,,,,,,,,,,,,,,,,,,,,,,,,,,,,,,
,L190127 L1L2,L190127 L3L4,L190127 L5S1,L191953 L1L2,L191953 L3L4,L191953 L5S1,S183028 L1L2,S183028 L3L4,S183028_L5S1,S191445 L1L2,S191445 L3L4,S191445 L5S1,S192868 L1l2,S192868 L3L4,S192868 L5S1,S193211 L1L2,S193211 L3L4,S193211 L5S1,S193333 L1L2,S193333 L3L4,S193333_L5S1,S193688 L1L2,S193688 L3L4,S193688 L5S1,S200063 L1L2,S200063 L3L4,S200063 L5S1,S200092 L1L2,S200092 L3L4,S200092 L5S1,S200397 L1L2,S200397 L3L4,S200397 L5S1,S200463 L1L2,S200463 L3L4,S200463 L5S1
Uninstrumented,,,,,,,,,,,,,,,,,,,,,,,,,,,,,,,,,,,,
Instrumented,1.0289,1.8569,1.1536,1.5156,2.813,1.1813,0.65071,1.0139,1.1763,1.8187,0.73692,0.73331,0.72148,0.96054,0.86328,1.0625,1.4814,0.455,1.6562,2.7901,0.6145,0.88961,1.2991,0.80114,1.1407,1.0882,1.5064,1.925,1.3605,0.74699,2.2446,1.7942,0.76328,1.9747,1.267,
Crosslink,0.92446,1.509,0.87655,1.2715,2.4481,1.2094,0.65555,0.76876,0.96801,1.889,0.63309,0.67831,0.58629,0.90131,0.80099,0.96945,1.2709,0.4552,1.5929,2.4223,0.58512,0.86283,1.0899,0.60914,0.81415,0.9431,1.3852,1.6656,1.2321,0.66031,1.9284,1.9302,0.64703,1.8123,1.0472,
,,,,,,,,,,,,,,,,,,,,,,,,,,,,,,,,,,,,
,,,,,,,,,,,,,,,,,,,,,,,,,,,,,,,,,,,,
Facetectomy,,,,,,,,,,,,,,,,,,,,,,,,,,,,,,,,,,,,
,L190127 L1L2,L190127 L3L4,L190127 L5S1,L191953 L1L2,L191953 L3L4,L191953 L5S1,S183028 L1L2,S183028 L3L4,S183028_L5S1,S191445 L1L2,S191445 L3L4,S191445 L5S1,S192868 L1l2,S192868 L3L4,S192868 L5S1,S193211 L1L2,S193211 L3L4,S193211 L5S1,S193333 L1L2,S193333 L3L4,S193333_L5S1,S193688 L1L2,S193688 L3L4,S193688 L5S1,S200063 L1L2,S200063 L3L4,S200063 L5S1,S200092 L1L2,S200092 L3L4,S200092 L5S1,S200397 L1L2,S200397 L3L4,S200397 L5S1,S200463 L1L2,S200463 L3L4,S200463 L5S1
Uninstrumented,,,,,,,,,,,,,,,,,,,,,,,,,,,,,,,,,,,,
Instrumented,1.0291,1.904,0.95873,1.7015,2.7562,1.4872,0.7558,1.2665,1.2303,2.1746,0.75861,1.1172,0.85058,1.1167,1.1474,1.1275,1.7351,0.6021,2.054,2.9603,1.3641,1.202,1.3156,0.90509,1.2817,1.1477,1.7731,2.2223,1.5184,1.2114,2.8047,1.9062,0.77794,2.595,1.4272,
Crosslink,0.92794,1.617,0.88895,1.3794,2.341,1.2534,0.6786,0.90452,1.047,1.8591,0.71782,0.9196,0.69348,1.0168,1.0724,0.9783,1.3302,0.55795,1.728,2.4364,0.98633,0.91363,1.2893,0.60042,0.91438,1.0635,1.515,1.794,1.353,1.0823,2.3181,1.9602,0.63163,2.155,1.1002,
,,,,,,,,,,,,,,,,,,,,,,,,,,,,,,,,,,,,
,,,,,,,,,,,,,,,,,,,,,,,,,,,,,,,,,,,,
Nucleotomy,,,,,,,,,,,,,,,,,,,,,,,,,,,,,,,,,,,,
,L190127 L1L2,L190127 L3L4,L190127 L5S1,L191953 L1L2,L191953 L3L4,L191953 L5S1,S183028 L1L2,S183028 L3L4,S183028_L5S1,S191445 L1L2,S191445 L3L4,S191445 L5S1,S192868 L1l2,S192868 L3L4,S192868 L5S1,S193211 L1L2,S193211 L3L4,S193211 L5S1,S193333 L1L2,S193333 L3L4,S193333_L5S1,S193688 L1L2,S193688 L3L4,S193688 L5S1,S200063 L1L2,S200063 L3L4,S200063 L5S1,S200092 L1L2,S200092 L3L4,S200092 L5S1,S200397 L1L2,S200397 L3L4,S200397 L5S1,S200463 L1L2,S200463 L3L4,S200463 L5S1
Uninstrumented,,3.8788,2.0685,,,6.0806,1.7979,3.0515,5.8825,3.8882,2.2128,1.7785,3.5625,4.2619,3.1431,2.0561,3.3679,1.3339,2.4797,9.0142,2.2881,1.6744,2.6291,3.1432,3.8538,4.3026,3.73,2.5372,3.2768,1.2185,,,2.1794,3.246,4.1615,4.3928
Instrumented,,,,,,,,,,,,,,,,,,,,,,,,,,,,,,,,,,,,
Crosslink,,,,,,,,,,,,,,,,,,,,,,,,,,,,,,,,,,,,